Ndex,Menu Sprite,English,Cyrillic,Romanization
1,,Bulbasaur,Бульбазавр,Bul'bazavr
2,,Ivysaur,Айвизавр,Ayvizavr
3,,Venusaur,Венузавр,Venuzavr
4,,Charmander,Чармандер,Charmander
5,,Charmeleon,Чармелеон,Charmeleon
6,,Charizard,Чаризард,Charizard
7,,Squirtle,Сквиртл,Skvirtl
8,,Wartortle,Вартортл,Vartortl
9,,Blastoise,Бластойз,Blastoyz
10,,Caterpie,Катерпи,Katerpi
11,,Metapod,Метапод,Metapod
12,,Butterfree,Баттерфри,Batterfri
13,,Weedle,Видл,Vidl
14,,Kakuna,Какуна,Kakuna
15,,Beedrill,Бидрилл,Bidrill
16,,Pidgey,Пиджи,Pidzhi
17,,Pidgeotto,Пиджеотто,Pidzheotto
18,,Pidgeot,Пиджеот,Pidzheot
19,,Rattata,Раттата,Rattata
20,,Raticate,Ратикейт,Ratikeyt
21,,Spearow,Спироу,Spirou
22,,Fearow,Фироу,Firou
23,,Ekans,Эканс,Ekans
24,,Arbok,Арбок,Arbok
25,,Pikachu,Пикачу,Pikachu
26,,Raichu,Райчу,Raychu
27,,Sandshrew,Сэндшрю,Sendshryu
28,,Sandslash,Сэндслэш,Sendslesh
29,,Nidoran♀,Нидоран♀,Nidoran♀
30,,Nidorina,Нидорина,Nidorina
31,,Nidoqueen,Нидоквин,Nidokvin
32,,Nidoran♂,Нидоран♂,Nidoran♂
33,,Nidorino,Нидорино,Nidorino
34,,Nidoking,Нидокинг,Nidoking
35,,Clefairy,Клефэйри,Klefeyri
36,,Clefable,Клефейбл,Klefeybl
37,,Vulpix,Валпикс,Valpiks
38,,Ninetales,Найнтэйлс,Naynteyls
39,,Jigglypuff,Джигглипафф,Dzhigglipaff
40,,Wigglytuff,Вигглитафф,Vigglitaff
41,,Zubat,Зубат,Zubat
42,,Golbat,Голбат,Golbat
43,,Oddish,Оддиш,Oddish
44,,Gloom,Глум,Glum
45,,Vileplume,Вайлплюм,Vaylplyum
46,,Paras,Парас,Paras
47,,Parasect,Парасект,Parasekt
48,,Venonat,Венонат,Venonat
49,,Venomoth,Веномот,Venomot
50,,Diglett,Диглетт,Diglett
51,,Dugtrio,Дагтрио,Dagtrio
52,,Meowth,Мяут,Myaut
53,,Persian,Персиан,Persian
54,,Psyduck,Псайдак,Psaydak
55,,Golduck,Голдак,Goldak
56,,Mankey,Манки,Manki
57,,Primeape,Праймейп,Praymeyp
58,,Growlithe,Гроулит,Groulit
59,,Arcanine,Арканайн,Arkanayn
60,,Poliwag,Поливаг,Polivag
61,,Poliwhirl,Поливирл,Polivirl
62,,Poliwrath,Поливрат,Polivrat
63,,Abra,Абра,Abra
64,,Kadabra,Кадабра,Kadabra
65,,Alakazam,Алаказам,Alakazam
66,,Machop,Мачоп,Machop
67,,Machoke,Мачоук,Machouk
68,,Machamp,Мачамп,Machamp
69,,Bellsprout,Беллспраут,Bellspraut
70,,Weepinbell,Випинбелл,Vipinbell
71,,Victreebel,Виктрибел,Viktribel
72,,Tentacool,Тентакул,Tentakul
73,,Tentacruel,Тентакрул,Tentakrul
74,,Geodude,Геодуд,Geodud
75,,Graveler,Гравелер,Graveler
76,,Golem,Голем,Golem
77,,Ponyta,Понита,Ponita
78,,Rapidash,Рапидаш,Rapidash
79,,Slowpoke,Слоупок,Sloupok
80,,Slowbro,Слоубро,Sloubro
81,,Magnemite,Магнемайт,Magnemayt
82,,Magneton,Магнетон,Magneton
83,,Farfetch'd,Фарфетчд,Farfetchd
84,,Doduo,Додуо,Doduo
85,,Dodrio,Додрио,Dodrio
86,,Seel,Сил,Sil
87,,Dewgong,Дьюгонг,D'yugong
88,,Grimer,Граймер,Graymer
89,,Muk,Мак,Mak
90,,Shellder,Шеллдер,Shellder
91,,Cloyster,Клойстер,Kloyster
92,,Gastly,Гастли,Gastli
93,,Haunter,Хонтер,Khonter
94,,Gengar,Генгар,Gengar
95,,Onix,Оникс,Oniks
96,,Drowzee,Драузи,Drauzi
97,,Hypno,Гипно,Gipno
98,,Krabby,Крабби,Krabbi
99,,Kingler,Кинглер,Kingler
100,,Voltorb,Волторб,Voltorb
101,,Electrode,Электрод,Elektrod
102,,Exeggcute,Эксегкьют,Eksegk'yut
103,,Exeggutor,Экзегкьютор,Ekzegk'yutor
104,,Cubone,Кьюбон,K'yubon
105,,Marowak,Маровак,Marovak
106,,Hitmonlee,Хитмонли,Khitmonli
107,,Hitmonchan,Хитмончан,Khitmonchan
108,,Lickitung,Ликитанг,Likitang
109,,Koffing,Коффинг,Koffing
110,,Weezing,Визинг,Vizing
111,,Rhyhorn,Райхорн,Raykhorn
112,,Rhydon,Райдон,Raydon
113,,Chansey,Ченси,Chensi
114,,Tangela,Тангела,Tangela
115,,Kangaskhan,Кангасхан,Kangaskhan
116,,Horsea,Хорси,Khorsi
117,,Seadra,Сидра,Sidra
118,,Goldeen,Голдин,Goldin
119,,Seaking,Сикинг,Siking
120,,Staryu,Старью,Star'yu
121,,Starmie,Старми,Starmi
122,,Mr. Mime,Мистер Майм,Mister Maym
123,,Scyther,Скайтер,Skayter
124,,Jynx,Джинкс,Dzhinks
125,,Electabuzz,Электабазз,Elektabazz
126,,Magmar,Магмар,Magmar
127,,Pinsir,Пинсир,Pinsir
128,,Tauros,Таурос,Tauros
129,,Magikarp,Мэджикарп,Medzhikarp
130,,Gyarados,Гиарадос,Giarados
131,,Lapras,Лапрас,Lapras
132,,Ditto,Дитто,Ditto
133,,Eevee,Иви,Ivi
134,,Vaporeon,Вапореон,Vaporeon
135,,Jolteon,Джолтеон,Dzholteon
136,,Flareon,Флареон,Flareon
137,,Porygon,Поригон,Porigon
138,,Omanyte,Оманайт,Omanayt
139,,Omastar,Омастар,Omastar
140,,Kabuto,Кабуто,Kabuto
141,,Kabutops,Кабутопс,Kabutops
142,,Aerodactyl,Аэродактиль,Aerodaktil'
143,,Snorlax,Снорлакс,Snorlaks
144,,Articuno,Артикуно,Artikuno
145,,Zapdos,Запдос,Zapdos
146,,Moltres,Молтрес,Moltres
147,,Dratini,Дратини,Dratini
148,,Dragonair,Драгонэйр,Dragoneyr
149,,Dragonite,Драгонайт,Dragonayt
150,,Mewtwo,Мьюту,M'yutu
151,,Mew,Мью,M'yu
152,,Chikorita,Чикорита,Chikorita
153,,Bayleef,Бэйлиф,Beylif
154,,Meganium,Меганиум,Meganium
155,,Cyndaquil,Синдаквил,Sindakvil
156,,Quilava,Квилава,Kvilava
157,,Typhlosion,Тайфложн,Tayflozhn
158,,Totodile,Тотодайл,Totodayl
159,,Croconaw,Кроконав,Krokonav
160,,Feraligatr,Фералигейтор,Feraligeytor
161,,Sentret,Сентрет,Sentret
162,,Furret,Фуррет,Furret
163,,Hoothoot,Хутхут,Khutkhut
164,,Noctowl,Ноктоул,Noktoul
165,,Ledyba,Ледиба,Lediba
166,,Ledian,Ледиан,Ledian
167,,Spinarak,Спинарак,Spinarak
168,,Ariados,Ариадос,Ariados
169,,Crobat,Кробат,Krobat
170,,Chinchou,Чинчоу,Chinchou
171,,Lanturn,Лантурн,Lanturn
172,,Pichu,Пичу,Pichu
173,,Cleffa,Клеффа,Kleffa
174,,Igglybuff,Игглибафф,Igglibaff
175,,Togepi,Тогэпи,Togepi
176,,Togetic,Тогэтик,Togetik
177,,Natu,Нату,Natu
178,,Xatu,Ксату,Ksatu
179,,Mareep,Марип,Marip
180,,Flaaffy,Флааффи,Flaaffi
181,,Ampharos,Амфарос,Amfaros
182,,Bellossom,Беллосом,Bellosom
183,,Marill,Мэрилл,Merill
184,,Azumarill,Азумарилл,Azumarill
185,,Sudowoodo,Судовуду,Sudovudu
186,,Politoed,Политоед,Politoyed
187,,Hoppip,Хоппип,Khoppip
188,,Skiploom,Скиплум,Skiplum
189,,Jumpluff,Джамплафф,Dzhamplaff
190,,Aipom,Эйпом,Eypom
191,,Sunkern,Санкерн,Sankern
192,,Sunflora,Санфлора,Sanflora
193,,Yanma,Янма,Yanma
194,,Wooper,Вупер,Vuper
195,,Quagsire,Квагсайр,Kvagsayr
196,,Espeon,Эспеон,Espeon
197,,Umbreon,Амбреон,Ambreon
198,,Murkrow,Муркроу,Murkrou
199,,Slowking,Слоукинг,Slouking
200,,Misdreavus,Мисдривус,Misdrivus
201,,Unown,Аноун,Anoun
202,,Wobbuffet,Воббаффет,Vobbaffet
203,,Girafarig,Жирафариг,Zhirafarig
204,,Pineco,Пайнеко,Payneko
205,,Forretress,Форретресс,Forretress
206,,Dunsparce,Данспарс,Danspars
207,,Gligar,Глайгар,Glaygar
208,,Steelix,Стиликс,Stiliks
209,,Snubbull,Снаббулл,Snabbull
210,,Granbull,Грэнбулл,Grenbull
211,,Qwilfish,Квилфиш,Kvilfish
212,,Scizor,Сизор,Sizor
213,,Shuckle,Шакл,Shakl
214,,Heracross,Геракросс,Gerakross
215,,Sneasel,Снизел,Snizel
216,,Teddiursa,Теддиурса,Teddiursa
217,,Ursaring,Урсаринг,Ursaring
218,,Slugma,Слагма,Slagma
219,,Magcargo,Магкарго,Magkargo
220,,Swinub,Свинуб,Svinub
221,,Piloswine,Пилосвайн,Pilosvayn
222,,Corsola,Корсола,Korsola
223,,Remoraid,Реморэйд,Remoreyd
224,,Octillery,Октиллери,Oktilleri
225,,Delibird,Делибёрд,Delibyord
226,,Mantine,Мантайн,Mantayn
227,,Skarmory,Скармори,Skarmori
228,,Houndour,Хандор,Khandor
229,,Houndoom,Хандум,Khandum
230,,Kingdra,Кингдра,Kingdra
231,,Phanpy,Фэнпи,Fenpi
232,,Donphan,Донфэн,Donfen
233,,Porygon2,Поригон-2,Porigon-2
234,,Stantler,Стантлер,Stantler
235,,Smeargle,Смиргл,Smirgl
236,,Tyrogue,Тайрог,Tayrog
237,,Hitmontop,Хитмонтоп,Khitmontop
238,,Smoochum,Смучум,Smuchum
239,,Elekid,Элекид,Elekid
240,,Magby,Магби,Magbi
241,,Miltank,Милтанк,Miltank
242,,Blissey,Блисси,Blissi
243,,Raikou,Райку,Rayku
244,,Entei,Энтей,Entey
245,,Suicune,Суикун,Suikun
246,,Larvitar,Ларвитар,Larvitar
247,,Pupitar,Пьюпитар,P'yupitar
248,,Tyranitar,Тиранитар,Tirantitar
249,,Lugia,Лугиа,Lugia
250,,Ho-Oh,Хо-Ох,Kho-Okh
251,,Celebi,Селеби,Selebi
252,,Treecko,Трико,Triko
253,,Grovyle,Гровайл,Grovayl
254,,Sceptile,Септайл,Septayl
255,,Torchic,Торчик,Torchik
256,,Combusken,Комбаскен,Kombasken
257,,Blaziken,Блейзикен,Bleyziken
258,,Mudkip,Мадкип,Madkip
259,,Marshtomp,Марштомп,Marshtomp
260,,Swampert,Свамперт,Svampert
261,,Poochyena,Пучиена,Puchiyena
262,,Mightyena,Майтиена,Maytiyena
263,,Zigzagoon,Зигзагун,Zigzagun
264,,Linoone,Лайнун,Laynun
265,,Wurmple,Вурмпл,Vurmpl
266,,Silcoon,Силкун,Silkun
267,,Beautifly,Бьютифлай,B'yutiflay
268,,Cascoon,Каскун,Kaskun
269,,Dustox,Дастокс,Dastoks
270,,Lotad,Лотад,Lotad
271,,Lombre,Ломбрэ,Lombre
272,,Ludicolo,Лудиколо,Ludikolo
273,,Seedot,Сидот,Sidot
274,,Nuzleaf,Назлиф,Nazlif
275,,Shiftry,Шифтри,Shiftri
276,,Taillow,Тэйллоу,Teyllou
277,,Swellow,Свеллоу,Svellou
278,,Wingull,Вингалл,Vingall
279,,Pelipper,Пелиппер,Pelipper
280,,Ralts,Ролтс,Rolts
281,,Kirlia,Кирлия,Kirliya
282,,Gardevoir,Гардевойр,Gardevoyr
283,,Surskit,Сурскит,Surskit
284,,Masquerain,Маскерейн,Maskereyn
285,,Shroomish,Шрумиш,Shrumish
286,,Breloom,Брелум,Brelum
287,,Slakoth,Слакот,Slakot
288,,Vigoroth,Вигорот,Vigorot
289,,Slaking,Слакинг,Slaking
290,,Nincada,Нинкада,Ninkada
291,,Ninjask,Нинджаск,Nindzhask
292,,Shedinja,Шединья,Shedin'ya
293,,Whismur,Визмур,Vizmur
294,,Loudred,Лаудред,Laudred
295,,Exploud,Эксплауд,Eksplaud
296,,Makuhita,Макухита,Makukhita
297,,Hariyama,Харияма,Khariyama
298,,Azurill,Азурилл,Azurill
299,,Nosepass,Ноузпасс,Nouzpass
300,,Skitty,Скитти,Skitti
301,,Delcatty,Делкатти,Delkatti
302,,Sableye,Сэйблай,Seyblay
303,,Mawile,Мавайл,Mavayl
304,,Aron,Арон,Aron
305,,Lairon,Лайрон,Layron
306,,Aggron,Аггрон,Aggron
307,,Meditite,Медитайт,Meditayt
308,,Medicham,Медичам,Medicham
309,,Electrike,Электрайк,Elektrayk
310,,Manectric,Манектрик,Manetrik
311,,Plusle,Пласл,Plasl
312,,Minun,Майнун,Maynun
313,,Volbeat,Волбит,Volbit
314,,Illumise,Иллюмайз,Illyumayz
315,,Roselia,Розелия,Rozeliya
316,,Gulpin,Гальпин,Gal'pin
317,,Swalot,Свалот,Svalot
318,,Carvanha,Карванья,Karvan'ya
319,,Sharpedo,Шарпедо,Sharpedo
320,,Wailmer,Вэйлмер,Veylmer
321,,Wailord,Вэйлорд,Veylord
322,,Numel,Намел,Namel
323,,Camerupt,Камерапт,Kamerapt
324,,Torkoal,Торкол,Torkol
325,,Spoink,Споинк,Spoink
326,,Grumpig,Грампиг,Grampig
327,,Spinda,Спинда,Spinda
328,,Trapinch,Трапинч,Trapinch
329,,Vibrava,Вибрава,Vibrava
330,,Flygon,Флайгон,Flaygon
331,,Cacnea,Какнея,Kakneya
332,,Cacturne,Кактурн,Kakturn
333,,Swablu,Сваблу,Svablu
334,,Altaria,Алтария,Altariya
335,,Zangoose,Зангус,Zangus
336,,Seviper,Севайпер,Sevayper
337,,Lunatone,Лунатон,Lunaton
338,,Solrock,Солрок,Solrok
339,,Barboach,Барбоч,Barboch
340,,Whiscash,Вискаш,Viskash
341,,Corphish,Корфиш,Korfish
342,,Crawdaunt,Крадонт,Kradont
343,,Baltoy,Балтой,Baltoy
344,,Claydol,Клэйдол,Kleydol
345,,Lileep,Лилип,Lilip
346,,Cradily,Крадили,Kradili
347,,Anorith,Анорит,Anorit
348,,Armaldo,Армальдо,Armal'do
349,,Feebas,Фибас,Fibas
350,,Milotic,Майлотик,Maylotik
351,,Castform,Кастформ,Kastform
352,,Kecleon,Кеклеон,Kekleon
353,,Shuppet,Шаппет,Shappet
354,,Banette,Банетт,Banett
355,,Duskull,Даскалл,Daskall
356,,Dusclops,Дасклопс,Dasklops
357,,Tropius,Тропиус,Tropius
358,,Chimecho,Чаймеко,Chaymeko
359,,Absol,Абсол,Absol
360,,Wynaut,Вайнот,Vaynot
361,,Snorunt,Снорант,Snorant
362,,Glalie,Глейли,Gleyli
363,,Spheal,Сфил,Sfil
364,,Sealeo,Силео,Sileo
365,,Walrein,Валрейн,Valreyn
366,,Clamperl,Кламперл,Klamperl
367,,Huntail,Хантейл,Khanteyl
368,,Gorebyss,Горбисс,Gorbiss
369,,Relicanth,Реликант,Relikant
370,,Luvdisc,Лавдиск,Lavdisk
371,,Bagon,Бейгон,Beygon
372,,Shelgon,Шелгон,Shelgon
373,,Salamence,Саламенс,Salamens
374,,Beldum,Белдам,Beldam
375,,Metang,Метанг,Metang
376,,Metagross,Метагросс,Metagross
377,,Regirock,Реджирок,Redzhirok
378,,Regice,Реджайс,Redzhays
379,,Registeel,Реджистил,Redzhistil
380,,Latias,Латиас,Latias
381,,Latios,Латиос,Latios
382,,Kyogre,Кайогр,Kayogr
383,,Groudon,Граудон,Graudon
384,,Rayquaza,Райкваза,Raykvaza
385,,Jirachi,Джирачи,Dzhirachi
386,,Deoxys,Деоксис,Deoksis
387,,Turtwig,Тортвиг,Tortvig
388,,Grotle,Гротл,Grotl
389,,Torterra,Тортерра,Torterra
390,,Chimchar,Чимчар,Chimchar
391,,Monferno,Монферно,Monferno
392,,Infernape,Инфернейп,Inferneyp
393,,Piplup,Пиплап,Piplap
394,,Prinplup,Принплап,Prinplap
395,,Empoleon,Эмполеон,Empoleon
396,,Starly,Старли,Starli
397,,Staravia,Старавия,Staraviya
398,,Staraptor,Стараптор,Staraptor
399,,Bidoof,Бидуф,Biduf
400,,Bibarel,Бибарел,Bibarel
401,,Kricketot,Крикетот,Kriketot
402,,Kricketune,Крикетун,Kriketun
403,,Shinx,Шинкс,Shinks
404,,Luxio,Лаксио,Laksio
405,,Luxray,Лаксрэй,Laksrey
406,,Budew,Бадью,Bad'yu
407,,Roserade,Розрейд,Rozreyd
408,,Cranidos,Кранидос,Kranidos
409,,Rampardos,Рэмпардос,Rempardos
410,,Shieldon,Шилдон,Shildon
411,,Bastiodon,Бастиодон,Bastiodon
412,,Burmy,Бурми,Burmi
413,,Wormadam,Вормадам,Vormadam
414,,Mothim,Мотим,Motim
415,,Combee,Комби,Kombi
416,,Vespiquen,Веспиквен,Vespikven
417,,Pachirisu,Пачирису,Pachirisu
418,,Buizel,Буизел,Buizel
419,,Floatzel,Флоатзель,Floatzel'
420,,Cherubi,Чераби,Cherabi
421,,Cherrim,Черрим,Cherrim
422,,Shellos,Шеллос,Shellos
423,,Gastrodon,Гастродон,Gastrodon
424,,Ambipom,Амбипом,Ambipom
425,,Drifloon,Дрифлун,Driflun
426,,Drifblim,Дрифблим,Drifblim
427,,Buneary,Бунири,Buniri
428,,Lopunny,Лопанни,Lupanni
429,,Mismagius,Мисмагиус,Mismagius
430,,Honchkrow,Хончкроу,Khonchkrou
431,,Glameow,Глеймяу,Gleymyau
432,,Purugly,Парагли,Paragli
433,,Chingling,Чинглинг,Chingling
434,,Stunky,Станки,Stanki
435,,Skuntank,Скантанк,Skantank
436,,Bronzor,Бронзор,Bronzor
437,,Bronzong,Бронзонг,Bronzong
438,,Bonsly,Бонслай,Bonslay
439,,Mime Jr.,Майм-Джуниор,Maym-Dzhunior
440,,Happiny,Хаппини,Khappini
441,,Chatot,Чатот,Chatot
442,,Spiritomb,Спиритум,Spiritum
443,,Gible,Гибл,Gibl
444,,Gabite,Габайт,Gabayt
445,,Garchomp,Гарчомп,Garchop
446,,Munchlax,Манчлакс,Manchlaks
447,,Riolu,Риолу,Riolu
448,,Lucario,Лукарио,Lukario
449,,Hippopotas,Гиппопотас,Gippopotas
450,,Hippowdon,Гипподон,Gippodon
451,,Skorupi,Скорупи,Skorupi
452,,Drapion,Драпион,Drapion
453,,Croagunk,Кроганк,Krogank
454,,Toxicroak,Токсикроук,Toksikrouk
455,,Carnivine,Карнивайн,Karnivayn
456,,Finneon,Финнеон,Finneon
457,,Lumineon,Люминеон,Lyumineon
458,,Mantyke,Мантайк,Mantayk
459,,Snover,Сноувер,Snouver
460,,Abomasnow,Абомасноу,Abomasnou
461,,Weavile,Вивайл,Vivayl
462,,Magnezone,Магнезон,Magnezon
463,,Lickilicky,Ликилики,Likiliki
464,,Rhyperior,Райпериор,Rayperior
465,,Tangrowth,Тэнгроут,Tengrout
466,,Electivire,Электривайр,Elektrivayr
467,,Magmortar,Магмортар,Magmortar
468,,Togekiss,Тогекисс,Togekiss
469,,Yanmega,Янмега,Yanmega
470,,Leafeon,Лифеон,Lifeon
471,,Glaceon,Глейсеон,Gleyseon
472,,Gliscor,Глайскор,Glaiskor
473,,Mamoswine,Мамосвайн,Mamosvayn
474,,Porygon-Z,Поригон-Z,Porigon-Z
475,,Gallade,Галлейд,Galleyd
476,,Probopass,Пробопасс,Probopass
477,,Dusknoir,Даскнуар,Dasknuar
478,,Froslass,Фросласс,Froslass
479,,Rotom,Ротом,Rotom
480,,Uxie,Юкси,Yuksi
481,,Mesprit,Месприт,Mesprit
482,,Azelf,Азелф,Azelf
483,,Dialga,Диалга,Dialga
484,,Palkia,Палкия,Palkiya
485,,Heatran,Хитран,Khitran
486,,Regigigas,Реджигигас,Redzhigigas
487,,Giratina,Гиратина,Giratina
488,,Cresselia,Кресселия,Kresseliya
489,,Phione,Фиона,Fiona
490,,Manaphy,Манафи,Manafi
491,,Darkrai,Даркрай,Darkray
492,,Shaymin,Шеймин,Sheymin
493,,Arceus,Аркеус,Arkeus
494,,Victini,Виктини,Viktini
495,,Snivy,Снайви,Snayvi
496,,Servine,Сервайн,Servayn
497,,Serperior,Серпериор,Serperior
498,,Tepig,Тепиг,Tepig
499,,Pignite,Пигнайт,Pingnayt
500,,Emboar,Эмбор,Embor
501,,Oshawott,Ошавотт,Oshavott
502,,Dewott,Девотт,Devott
503,,Samurott,Самуротт,Samurott
504,,Patrat,Патрат,Patrat
505,,Watchog,Уочхог,Uochkhog
506,,Lillipup,Лиллипап,Lillipap
507,,Herdier,Хардиер,Khardier
508,,Stoutland,Стаутлэнд,Stautlend
509,,Purrloin,Пуррлойн,Purrloyn
510,,Liepard,Лайпард,Laipard
511,,Pansage,Пансейдж,Panseydzh
512,,Simisage,Симисейдж,Simiseydzh
513,,Pansear,Пансир,Pansir
514,,Simisear,Симисир,Simisir
515,,Panpour,Панпур,Panpur
516,,Simipour,Симипур,Simipur
517,,Munna,Мунна,Munna
518,,Musharna,Мушарна,Musharna
519,,Pidove,Пидав,Pidav
520,,Tranquill,Транквилл,Trankvill
521,,Unfezant,Унфезант,Unfezant
522,,Blitzle,Блитцл,Blittsl
523,,Zebstrika,Зебстрика,Zebstrika
524,,Roggenrola,Роггенрола,Roggenrola
525,,Boldore,Болдор,Boldor
526,,Gigalith,Гигалит,Gigalit
527,,Woobat,Вубат,Vubat
528,,Swoobat,Свубат,Svubat
529,,Drilbur,Дрилбур,Drilbur
530,,Excadrill,Экскадрилл,Ekskadrill
531,,Audino,Одино,Odino
532,,Timburr,Тимбёрр,Timbyorr
533,,Gurdurr,Гурдурр,Gurdurr
534,,Conkeldurr,Конклдурр,Konkldurr
535,,Tympole,Тимпоул,Timpoul
536,,Palpitoad,Палпитоуд,Palpitoud
537,,Seismitoad,Сейсмитоуд,Seysmitoud
538,,Throh,Трох,Trokh
539,,Sawk,Суок,Suok
540,,Sewaddle,Севаддл,Sevaddl
541,,Swadloon,Свадлун,Svadlun
542,,Leavanny,Ливанни,Livanni
543,,Venipede,Венипид,Venipid
544,,Whirlipede,Вирлипид,Virlipid
545,,Scolipede,Сколипид,Skolipid
546,,Cottonee,Коттони,Kottoni
547,,Whimsicott,Вимсикотт,Vimsikott
548,,Petilil,Петилил,Petilil
549,,Lilligant,Лиллигант,Lilligant
550,,Basculin,Баскулин,Baskulin
551,,Sandile,Сэндайл,Sendayl
552,,Krokorok,Крокорок,Krokorok
553,,Krookodile,Крукодайл,Krukodayl
554,,Darumaka,Дарумака,Darumaka
555,,Darmanitan,Дарманитан,Darmanitan
556,,Maractus,Марактус,Maraktus
557,,Dwebble,Двеббл,Dvebbl
558,,Crustle,Крастл,Krastl
559,,Scraggy,Скрэгги,Skreggi
560,,Scrafty,Скрафти,Skrafti
561,,Sigilyph,Сигилиф,Sigilif
562,,Yamask,Ямаск,Yamask
563,,Cofagrigus,Кофагригус,Kofagrigus
564,,Tirtouga,Тиртуга,Tirtuga
565,,Carracosta,Карракоста,Karrakosta
566,,Archen,Аркен,Arken
567,,Archeops,Аркеопс,Arkeops
568,,Trubbish,Траббиш,Trabbish
569,,Garbodor,Гарбодор,Garbodor
570,,Zorua,Зоруа,Zorua
571,,Zoroark,Зороарк,Zoroark
572,,Minccino,Минччино,Minchchino
573,,Cinccino,Чинччино,Chinchchino
574,,Gothita,Гофита,Gofita
575,,Gothorita,Гофорита,Goforita
576,,Gothitelle,Гофителль,Gofitell'
577,,Solosis,Солосис,Solosis
578,,Duosion,Дуожн,Duozhn
579,,Reuniclus,Реюниклюс,Reyuniklyus
580,,Ducklett,Даклетт,Daklett
581,,Swanna,Суанна,Suanna
582,,Vanillite,Ваниллайт,Vanillayt
583,,Vanillish,Ваниллиш,Vanillish
584,,Vanilluxe,Ваниллюкс,Vanillyuks
585,,Deerling,Дирлинг,Dirling
586,,Sawsbuck,Сосбак,Sosbak
587,,Emolga,Эмолга,Emolga
588,,Karrablast,Каррабласт,Karrablast
589,,Escavalier,Эскавальер,Eskaval'er
590,,Foongus,Фунгус,Fungus
591,,Amoonguss,Амунгус,Amungus
592,,Frillish,Фриллиш,Frillish
593,,Jellicent,Джеллисент,Dzhellisent
594,,Alomomola,Аломомола,Alomomola
595,,Joltik,Джолтик,Dzholtik
596,,Galvantula,Галвантула,Galvantula
597,,Ferroseed,Ферросид,Ferrosid
598,,Ferrothorn,Ферроторн,Ferrotorn
599,,Klink,Клинк,Klink
600,,Klang,Кланг,Klang
601,,Klinklang,Клинкланг,Klinklang
602,,Tynamo,Тинамо,Tinamo
603,,Eelektrik,Электрик,Elektrik
604,,Eelektross,Электросс,Elektross
605,,Elgyem,Элгием,Elgiem
606,,Beheeyem,Бехийем,Bekhiyem
607,,Litwick,Литвик,Litvik
608,,Lampent,Лампент,Lampent
609,,Chandelure,Шанделюр,Shandelyur
610,,Axew,Эксью,Eks'yu
611,,Fraxure,Фрэкшур,Frekshur
612,,Haxorus,Хаксорус,Khaksorus
613,,Cubchoo,Кабчу,Kabchu
614,,Beartic,Бертик,Bertik
615,,Cryogonal,Криогонал,Kriogonal
616,,Shelmet,Шелмет,Shelmet
617,,Accelgor,Акселгор,Akselgor
618,,Stunfisk,Станфиск,Stanfisk
619,,Mienfoo,Минфу,Minfu
620,,Mienshao,Миншао,Minshao
621,,Druddigon,Драддигон,Draddigon
622,,Golett,Голетт,Golett
623,,Golurk,Голарк,Golark
624,,Pawniard,Поуниард,Pouniard
625,,Bisharp,Бишарп,Bisharp
626,,Bouffalant,Буффалант,Buffalant
627,,Rufflet,Раффлет,Rafflet
628,,Braviary,Бревиари,Breviari
629,,Vullaby,Виллаби,Villabi
630,,Mandibuzz,Мандибазз,Mandibazz
631,,Heatmor,Хитмор,Khitmor
632,,Durant,Дюрант,Dyurant
633,,Deino,Дейно,Deyno
634,,Zweilous,Цвайлос,Tsvaylos
635,,Hydreigon,Хайдрайгон,Khaydraygon
636,,Larvesta,Ларвеста,Larvesta
637,,Volcarona,Волкарона,Volkarona
638,,Cobalion,Кобалион,Kobalion
639,,Terrakion,Терракион,Terrakion
640,,Virizion,Вирижион,Virizhion
641,,Tornadus,Торнадус,Tornadus
642,,Thundurus,Тандурус,Tandurus
643,,Reshiram,Реширам,Reshiram
644,,Zekrom,Зекром,Zekrom
645,,Landorus,Ландорус,Landorus
646,,Kyurem,Курем,Kurem
647,,Keldeo,Кельдио,Kel'dio
648,,Meloetta,Мелоэтта,Meloetta
649,,Genesect,Дженесект,Dzhenesekt
650,,Chespin,Чеспин,Chespin
651,,Quilladin,Квилладин,Kvilladin
652,,Chesnaught,Чеснот,Chesnot
653,,Fennekin,Феннекин,Fennekin
654,,Braixen,Брейксен,Breyksen
655,,Delphox,Делфокс,Delfoks
656,,Froakie,Фроки,Froki
657,,Frogadier,Фрогадир,Frogadir
658,,Greninja,Грениндзя,Grenindzya
659,,Bunnelby,Баннелби,Bannelbi
660,,Diggersby,Диггерсби,Diggersbi
661,,Fletchling,Флетчлинг,Fletchling
662,,Fletchinder,Флетчлиндер,Fletchlinder
663,,Talonflame,Талонфлейм,Talonfleym
664,,Scatterbug,Скаттербаг,Skatterbag
665,,Spewpa,Спьюпа,Sp'yupa
666,,Vivillon,Вивийон,Viviyon
667,,Litleo,Литлео,Litleo
668,,Pyroar,Пироар,Piroar
669,,Flabébé,Флабебе,Flabebe
670,,Floette,Флоэтт,Floett
671,,Florges,Флоржес,Florzhes
672,,Skiddo,Скиддо,Skiddo
673,,Gogoat,Гогоут,Gogout
674,,Pancham,Панчам,Pancham
675,,Pangoro,Пангоро,Pangoro
676,,Furfrou,Фурфу,Furfu
677,,Espurr,Эспурр,Espurr
678,,Meowstic,Мяустик,Myaustik
679,,Honedge,Хонедж,Khonedzh
680,,Doublade,Дублейд,Dubleyd
681,,Aegislash,Иджислаш,Idzhislash
682,,Spritzee,Спритци,Sprittsi
683,,Aromatisse,Ароматисс,Aromatiss
684,,Swirlix,Свирликс,Svirliks
685,,Slurpuff,Слёрпафф,Slyorpaff
686,,Inkay,Инкей,Inkey
687,,Malamar,Маламар,Malamar
688,,Binacle,Байнакл,Baynakl
689,,Barbaracle,Барберакл,Barberakl
690,,Skrelp,Скрелп,Skrelp
691,,Dragalge,Драгалдж,Dragaldzh
692,,Clauncher,Клаунчер,Klauncher
693,,Clawitzer,Кловитцер,Klovittser
694,,Helioptile,Хелиоптайл,Khelioptayl
695,,Heliolisk,Хелиолиск,Kheliolisk
696,,Tyrunt,Тайрант,Tayrant
697,,Tyrantrum,Тайрантрам,Tayrantram
698,,Amaura,Амаура,Amaura
699,,Aurorus,Аврорус,Avrorus
700,,Sylveon,Сильвеон,Sil'veon
701,,Hawlucha,Хавлуча,Khavlucha
702,,Dedenne,Деденне,Dedenne
703,,Carbink,Карбинк,Karbink
704,,Goomy,Гуми,Gumi
705,,Sliggoo,Слиггу,Sliggu
706,,Goodra,Гудра,Gudra
707,,Klefki,Клефки,Klefki
708,,Phantump,Фантамп,Fantamp
709,,Trevenant,Тревенант,Trevenant
710,,Pumpkaboo,Пампкабу,Pampkabu
711,,Gourgeist,Гургайст,Gurgayst
712,,Bergmite,Бергмайт,Bergmayt
713,,Avalugg,Авалагг,Avalagg
714,,Noibat,Нойбат,Noybat
715,,Noivern,Нойверн,Noyvern
716,,Xerneas,Зирнис,Zirnis
717,,Yveltal,Ивелтал,Iveltal
718,,Zygarde,Зайгард,Zaygard
719,,Diancie,Дианси,Diansi
720,,Hoopa,Хуппа,Khuppa
721,,Volcanion,Вулканион,Vulkanion
722,,Rowlet,Раулет,Raulet
723,,Dartrix,Дартрикс,Dartriks
724,,Decidueye,Десиджуай,Desidzhuay
725,,Litten,Литтен,Litten
726,,Torracat,Торракат,Torrakat
727,,Incineroar,Инсинероар,Insineroar
728,,Popplio,Попплио,Popplio
729,,Brionne,Бриан,Brian
730,,Primarina,Примарина,Primarina
731,,Pikipek,Пикипек,Pikipek
732,,Trumbeak,Трамбик,Trambik
733,,Toucannon,Туканнон,Tukannon
734,,Yungoos,Янгус,Yangus
735,,Gumshoos,Гамшус,Gamshus
736,,Grubbin,Граббин,Grabbin
737,,Charjabug,Чарьябаг,Char'yabag
738,,Vikavolt,Викаволт,Vikavolt
739,,Crabrawler,Крабролер,Krabroler
740,,Crabominable,Крабаминабл,Krabaminabl
741,,Oricorio,Орикорио,Orikorio
742,,Cutiefly,Кьютифлай,K'yutiflay
743,,Ribombee,Рибомби,Ribombi
744,,Rockruff,Рокрафф,Rokraff
745,,Lycanroc,Лайканрок,Laykanrok
746,,Wishiwashi,Вишиваши,Vishivashi
747,,Mareanie,Марини,Marini
748,,Toxapex,Токсапекс,Toksapeks
749,,Mudbray,Мадбрей,Madbrey
750,,Mudsdale,Мадсдэйл,Madsdeyl
751,,Dewpider,Дупайдер,Dupayder
752,,Araquanid,Аракванид,Arakvanid
753,,Fomantis,Фомантис,Fomantis
754,,Lurantis,Лурантис,Lurantis
755,,Morelull,Морилулл,Morilull
756,,Shiinotic,Шинатик,Shinatik
757,,Salandit,Саландит,Salandit
758,,Salazzle,Салаззл,Salazzl
759,,Stufful,Стаффул,Stafful
760,,Bewear,Бевеар,Bevear
761,,Bounsweet,Баунсвит,Baunsvit
762,,Steenee,Стини,Stini
763,,Tsareena,Царина,Tsarina
764,,Comfey,Комфей,Komfey
765,,Oranguru,Орангуру,Oranguru
766,,Passimian,Пассимиан,Passimian
767,,Wimpod,Вимпод,Vimpod
768,,Golisopod,Голисопод,Golisopod
769,,Sandygast,Сэндигаст,Sendigast
770,,Palossand,Палоссэнд,Palossend
771,,Pyukumuku,Пьюкумуку,P'yukumuku
772,,Type: Null,Тип: Ноль,Tip: Nol'
773,,Silvally,Силвалли,Silvalli
774,,Minior,Миниор,Minior
775,,Komala,Комала,Komala
776,,Turtonator,Тартонэйтор,Tartoneytor
777,,Togedemaru,Тогедемару,Togedemaru
778,,Mimikyu,Мимикью,Mimik'yu
779,,Bruxish,Браксиш,Braksish
780,,Drampa,Дрампа,Drampa
781,,Dhelmise,Делмайз,Delmayz
782,,Jangmo-o,Джангмо-о,Dzhangmo-o
783,,Hakamo-o,Хакамо-о,Khakamo-o
784,,Kommo-o,Коммо-о,Kommo-o
785,,Tapu Koko,Тапу Коко,Tapu Koko
786,,Tapu Lele,Тапу Леле,Tapu Lele
787,,Tapu Bulu,Тапу Булу,Tapu Bulu
788,,Tapu Fini,Тапу Фини,Tapu Fini
789,,Cosmog,Космог,Kosmog
790,,Cosmoem,Космоем,Kosmoyem
791,,Solgaleo,Солгалео,Solgaleo
792,,Lunala,Лунала,Lunala
793,,Nihilego,Нихилего,Nikhilego
794,,Buzzwole,Баззвол,Bazzvol
795,,Pheromosa,Феромоса,Feromosa
796,,Xurkitree,Заркитри,Zarkitri
797,,Celesteela,Целестила,Tselestila
798,,Kartana,Картана,Kartana
799,,Guzzlord,Газзлорд,Gazzlord
800,,Necrozma,Некрозма,Nekrozma
801,,Magearna,Магирна,Magirna
802,,Marshadow,Маршадоу,Marshadou
803,,Poipole,Пойпол,Poypol
804,,Naganadel,Наганадел,Naganadel
805,,Stakataka,Стакатака,Stakataka
806,,Blacephalon,Бласефалон,Blasefalon
807,,Zeraora,Зераора,Zeraora
808,,Meltan,Мелтан,Meltan
809,,Melmetal,Мелметал,Melmetal
810,,Grookey,Груки,Gruki
811,,Thwackey,Тваки,Tvaki
812,,Rillaboom,Риллабум,Rillabum
813,,Scorbunny,Скорбанни,Skorbanni
814,,Raboot,Рабут,Rabut
815,,Cinderace,Синдерэйс,Sindereys
816,,Sobble,Соббл,Sobbl
817,,Drizzile,Дриззайл,Drizzayl
818,,Inteleon,Интелеон,Inteleon
819,,Skwovet,Сквовет,Skvovet
820,,Greedent,Гридент,Grident
821,,Rookidee,Рукиди,Rukidi
822,,Corvisquire,Корвисквайр,Korviskvayr
823,,Corviknight,Корвинайт,Korvinayt
824,,Blipbug,Блипбаг,Blipbag
825,,Dottler,Доттлер,Dottler
826,,Orbeetle,Орбитл,Orbitl
827,,Nickit,Никит,Nikit
828,,Thievul,Тивул,Tivul
829,,Gossifleur,Госсифлёр,Gossiflyor
830,,Eldegoss,Эльдегосс,El'degoss
831,,Wooloo,Вулу,Vulu
832,,Dubwool,Дабвул,Dabvul
833,,Chewtle,Чутл,Chutl
834,,Drednaw,Дрэдно,Dredno
835,,Yamper,Ямпер,Yamper
836,,Boltund,Болтанд,Boltand
837,,Rolycoly,Роликоли,Rolikoli
838,,Carkol,Каркол,Karkol
839,,Coalossal,Коалоссал,Koalossal
840,,Applin,Апплин,Applin
841,,Flapple,Флаппл,Flappl
842,,Appletun,Апплтун,Appltun
843,,Silicobra,Силикобра,Silikobra
844,,Sandaconda,Сандаконда,Sandakonda
845,,Cramorant,Краморант,Kramorant
846,,Arrokuda,Аррокуда,Arrokuda
847,,Barraskewda,Барраскюда,Barraskyuda
848,,Toxel,Токсел,Toksel
849,,Toxtricity,Токстрисити,Tokstrisiti
850,,Sizzlipede,Сиззлипед,Sizzliped
851,,Centiskorch,Сентискорч,Sentiskorch
852,,Clobbopus,Клоббопус,Klobbopus
853,,Grapploct,Грапплокт,Grapplokt
854,,Sinistea,Синисти,Sinisti
855,,Polteageist,Полтигейст,Poltigeyst
856,,Hatenna,Хатенна,Khatenna
857,,Hattrem,Хаттрем,Khattrem
858,,Hatterene,Хаттерин,Khatterin
859,,Impidimp,Импидимп,Impidimp
860,,Morgrem,Моргрем,Morgrem
861,,Grimmsnarl,Гриммснарл,Grimmsnarl
862,,Obstagoon,Обстагун,Obstagun
863,,Perrserker,Перрсеркер,Perrserker
864,,Cursola,Курсола,Kursola
865,,Sirfetch'd,Сирфетчд,Sirfetchd
866,,Mr. Rime,Мистер Райм,Mister Raym
867,,Runerigus,Рунеригус,Runerigus
868,,Milcery,Милсери,Milseri
869,,Alcremie,Алкреми,Alkremi
870,,Falinks,Фалинкс,Falinks
871,,Pincurchin,Пинкурчин,Pinkurchin
872,,Snom,Сном,Snom
873,,Frosmoth,Фросмот,Frosmot
874,,Stonjourner,Стонджорнер,Stondzhorner
875,,Eiscue,Айскью,Aysk'yu
876,,Indeedee,Индиди,Indidi
877,,Morpeko,Морпеко,Morpeko
878,,Cufant,Куфант,Kufant
879,,Copperajah,Коппераджа,Kopperadzha
880,,Dracozolt,Дракозолт,Drakozolt
881,,Arctozolt,Арктозолт,Arktozolt
882,,Dracovish,Драковиш,Drakovish
883,,Arctovish,Арктовиш,Arktovish
884,,Duraludon,Дюралюдон,Dyuralyudon
885,,Dreepy,Дрипи,Dripi
886,,Drakloak,Драклоак,Drakloak
887,,Dragapult,Драгапульт,Dragapul't
888,,Zacian,Зэйшиан,Zeishian
889,,Zamazenta,Земазента,Zemazenta
890,,Eternatus,Этернатус,Eternatus
891,,Kubfu,Кабфу,Kabfu
892,,Urshifu,Уршифу,Urshifu
893,,Zarude,Заруд,Zarud
894,,Regieleki,Реджилеки,Redzhileki
895,,Regidrago,Реджидраго,Redzhidrago
896,,Glastrier,Гластрир,Glastrir
897,,Spectrier,Спектрир,Spektrir
898,,Calyrex,Калирекс,Kalireks
899,,Wyrdeer,Вирдир,Virdir
900,,Kleavor,Кливор,Klivor
901,,Ursaluna,?,?
902,,Basculegion,Баскулиджен,Baskulidzhen
903,,Sneasler,?,?
904,,Overqwil,?,?
905,,Enamorus,?,?