Ndex,Menu Sprite,English,Thai,RTGS
1,,Bulbasaur,ฟุชิกิดาเนะ,Fuchikidane
2,,Ivysaur,ฟุชิกิโซ,Fuchikiso
3,,Venusaur,ฟุชิกิบานะ,Fuchikibana
4,,Charmander,ฮิโตคาเงะ,Hitokhange
5,,Charmeleon,ลิซาร์โดะ,Lisado
6,,Charizard,ลิซาร์ดอน,Lisadon
7,,Squirtle,เซนิกาเมะ,Senikame
8,,Wartortle,คาเมล,Khamen
9,,Blastoise,คาเม็กซ์,Khamek
10,,Caterpie,คาเตอร์ปี,Khatoepi
11,,Metapod,ทรานเซล,Thransel
12,,Butterfree,บัตเตอร์ฟรี,Battoefri
13,,Weedle,บีเดิล,Bidoen
14,,Kakuna,โคคูน,Khokhun
15,,Beedrill,สเปียร์,Sopia
16,,Pidgey,ป็อปโปะ,Poppo
17,,Pidgeotto,พีเจียน,Phichian
18,,Pidgeot,พีเจียต,Phichiat
19,,Rattata,โครัตตา,Khoratta
20,,Raticate,รัตตา,Ratta
21,,Spearow,โอนิสึซึเมะ,Onisuesueme
22,,Fearow,โอนิดริล,Onitrin
23,,Ekans,อาร์โบ,Abo
24,,Arbok,อาร์บอก,Abok
25,,Pikachu,พิคาชู,Phikhachu
26,,Raichu,ไรชู,Raichu
27,,Sandshrew,แซนด์,Saen
28,,Sandslash,แซนด์แพน,Saenphaen
29,,Nidoran♀,นิโดรัน♀,Nidoran Ying
30,,Nidorina,นิโดรินา,Nidorina
31,,Nidoqueen,นิโดควีน,Nidokhwin
32,,Nidoran♂,นิโดรัน♂,Nidoran Chai
33,,Nidorino,นิโดริโน,Nidorino
34,,Nidoking,นิโดคิง,Nidokhing
35,,Clefairy,ปิปปี,Pippi
36,,Clefable,ปิคซี,Piksi
37,,Vulpix,โรคอน,Rokhon
38,,Ninetales,คิวคอน,Khiokhon
39,,Jigglypuff,พูริน,Phurin
40,,Wigglytuff,พูคูริน,Phukhurin
41,,Zubat,ซูแบท,Subaet
42,,Golbat,โกลแบท,Kolabaet
43,,Oddish,นาโซโนะคุสะ,Nasonokhusa
44,,Gloom,คุไซฮานะ,Khusaihana
45,,Vileplume,รัฟเฟรเซีย,Raffresia
46,,Paras,พารัส,Pharat
47,,Parasect,พาราเซ็คท์,Pharasek
48,,Venonat,คองปัง,Khongpang
49,,Venomoth,มอร์ฟอน,Mofon
50,,Diglett,ดิกดา,Dikda
51,,Dugtrio,ดักทริโอ,Dakthrio
52,,Meowth,เนียส,Niat
53,,Persian,เปอร์เซียน,Poesian
54,,Psyduck,โคดัก,Khodak
55,,Golduck,โกลดัก,Kondak
56,,Mankey,แมนคี,Maenkhi
57,,Primeape,โอโคริซารุ,Okhorisaru
58,,Growlithe,การ์ดี,Kadi
59,,Arcanine,วินดี,Windi
60,,Poliwag,เนียวโรโมะ,Niaoromo
61,,Poliwhirl,เนียวโรโซ,Niaoroso
62,,Poliwrath,เนียวโรบอน,Niaorobon
63,,Abra,เคซี,Khesi
64,,Kadabra,ยุนเกเรอร์,Yunkeroe
65,,Alakazam,ฟูดิน,Fudin
66,,Machop,วันริกี,Wanriki
67,,Machoke,โกริกี,Koriki
68,,Machamp,ไคริกี,Khairiki
69,,Bellsprout,มาดาซึโบมิ,Madasuebomi
70,,Weepinbell,อุซึดง,Usuedong
71,,Victreebel,อุซึบ็อท,Usuebot
72,,Tentacool,เมโนคุราเกะ,Menokhurake
73,,Tentacruel,โดคุคุราเกะ,Dokhukhurake
74,,Geodude,อิชิซึบูเตะ,Ichisuebute
75,,Graveler,โกโลน,Kolon
76,,Golem,โกโลเนีย,Kolonia
77,,Ponyta,โพนีตะ,Phonita
78,,Rapidash,แกลล็อป,Kaelalop
79,,Slowpoke,ยาดง,Yadong
80,,Slowbro,ยาโดรัน,Yadoran
81,,Magnemite,คอยล์,Khoi
82,,Magneton,แรคอยล์,Raekhoi
83,,Farfetch'd,คาโมเนกิ,Khamoneki
84,,Doduo,โดโด,Dodo
85,,Dodrio,โดโดริโอ,Dodorio
86,,Seel,พาเวา,Phawao
87,,Dewgong,จูกอน,Chukon
88,,Grimer,เบ็ทเบเตอร์,Betbetoe
89,,Muk,เบ็ทเบตัน,Betbetan
90,,Shellder,เชลเดอร์,Cheldoe
91,,Cloyster,พาร์เชน,Phachen
92,,Gastly,โกส,Kot
93,,Haunter,โกสท์,Kot
94,,Gengar,เก็งกา,Kengka
95,,Onix,อิวาร์ค,Iwak
96,,Drowzee,สลีป,Slip
97,,Hypno,สลีปเปอร์,Slippoe
98,,Krabby,แครบ,Khaerop
99,,Kingler,คิงเกลอร์,Khingkaloe
100,,Voltorb,บิริริดามา,Biriridama
101,,Electrode,มารุมายน์,Marumai
102,,Exeggcute,ทามะทามะ,Thamathama
103,,Exeggutor,นัชชี,Natchi
104,,Cubone,คาระคาระ,Kharakhara
105,,Marowak,การะการะ,Karakara
106,,Hitmonlee,ซาวามูลาร์,Sawamula
107,,Hitmonchan,เอบิวาลาร์,Ebiwala
108,,Lickitung,เบโรรินกา,Berorinka
109,,Koffing,โดกาซ,Dokat
110,,Weezing,มาตาโดกัซ,Matadokat
111,,Rhyhorn,ไซฮอร์น,Saihon
112,,Rhydon,ไซดอน,Saidon
113,,Chansey,ลัคกี,Lakki
114,,Tangela,มอนจารา,Monchara
115,,Kangaskhan,การูรา,Karura
116,,Horsea,ทัททู,Thatthu
117,,Seadra,ซีดรา,Sitra
118,,Goldeen,โทซาคินโตะ,Thosakhinto
119,,Seaking,อซึมาโอ,Asuemao
120,,Staryu,ฮิโตเดมัน,Hitodeman
121,,Starmie,สตาร์มี,Satami
122,,Mr. Mime,บาร์เรียด,Bariat
123,,Scyther,สไตรค์,Sotrai
124,,Jynx,รูจูลา,Ruchula
125,,Electabuzz,เอเลบู,Elebu
126,,Magmar,บูเบอร์,Buboe
127,,Pinsir,ไคลอส,Khailot
128,,Tauros,เคนเทารอส,Khenthaorot
129,,Magikarp,คอยคิง,Khoikhing
130,,Gyarados,เกียราดอส,Kiaradot
131,,Lapras,ลาพลาซ,Laphlat
132,,Ditto,เมตามอน,Metamon
133,,Eevee,อีวุย,Iwui
134,,Vaporeon,ชาวเวอร์ส,Chaowoet
135,,Jolteon,ธันเดอร์ส,Thandoet
136,,Flareon,บูสเตอร์,Busatoe
137,,Porygon,โพรีกอน,Phorikon
138,,Omanyte,ออมไนต์,Omnai
139,,Omastar,ออมสตาร์,Omsata
140,,Kabuto,คาบูโตะ,Khabuto
141,,Kabutops,คาบูท็อปส์,Khabuthop
142,,Aerodactyl,พเทอรา,Phathoera
143,,Snorlax,คาบิกอน,Khabikon
144,,Articuno,ฟรีเซอร์,Frisoe
145,,Zapdos,ธันเดอร์,Thandoe
146,,Moltres,ไฟเยอร์,Faiyoe
147,,Dratini,มินิริว,Minirio
148,,Dragonair,ฮาคุริว,Hakhurio
149,,Dragonite,ไคริว,Khairio
150,,Mewtwo,มิวทู,Miothu
151,,Mew,มิว,Mio
152,,Chikorita,จิโคริตา,Chikhorita
153,,Bayleef,เบย์ลีฟ,Belip
154,,Meganium,เมกาเนียม,Mekaniam
155,,Cyndaquil,ฮิโนอาราชิ,Hinoarachi
156,,Quilava,แม็กมาราชิ,Maekmarachi
157,,Typhlosion,แบ็กฟูน,Baekfun
158,,Totodile,วานิโนโกะ,Waninoko
159,,Croconaw,อัลลิเกต,Anliket
160,,Feraligatr,ออไดล์,Odai
161,,Sentret,โอทาจิ,Othachi
162,,Furret,โอโอทาจิ,Oothachi
163,,Hoothoot,โฮโฮ,Hoho
164,,Noctowl,โยรุโนะซึคุ,Yorunosuekhu
165,,Ledyba,เรดิบา,Rediba
166,,Ledian,เรเดียน,Redian
167,,Spinarak,อิโตมารุ,Itomaru
168,,Ariados,อาริอาโดส,Ariadot
169,,Crobat,โครแบท,Khrobaet
170,,Chinchou,ชอนชี,Chonchi
171,,Lanturn,แลนเทอร์น,Laenthoen
172,,Pichu,พิชู,Phichu
173,,Cleffa,ปี,Pi
174,,Igglybuff,พูพูริน,Phuphurin
175,,Togepi,โทเกปี,Thokepi
176,,Togetic,โทเกชิก,Thokechik
177,,Natu,เนที,Nethi
178,,Xatu,เนทิโอ,Nethio
179,,Mareep,เมรีป,Merip
180,,Flaaffy,โมโคโค,Mokhokho
181,,Ampharos,เด็นริว,Denrio
182,,Bellossom,คิเรอิฮานะ,Khireihana
183,,Marill,มาริล,Marin
184,,Azumarill,มาริลลิ,Marinli
185,,Sudowoodo,อุซกกี,Usokki
186,,Politoed,เนียวโรโทโนะ,Niaorothono
187,,Hoppip,ฮาเน็กโกะ,Hanekko
188,,Skiploom,โพพ็อกโกะ,Phophokko
189,,Jumpluff,วาทักโกะ,Wathakko
190,,Aipom,เอย์แพม,Ephaem
191,,Sunkern,ฮิมานัทส์,Himanat
192,,Sunflora,คิมาวาริ,Khimawari
193,,Yanma,ยันยันมา,Yanyanma
194,,Wooper,อูปา,Upa
195,,Quagsire,นูโอ,Nuo
196,,Espeon,เอฟี,Efi
197,,Umbreon,แบล็กกี,Blaekki
198,,Murkrow,ยามิคาราซึ,Yamikharasue
199,,Slowking,ยาโดคิง,Yadokhing
200,,Misdreavus,มูมา,Muma
201,,Unown,อันโนน,Annon
202,,Wobbuffet,โซนานส์,Sonan
203,,Girafarig,คิรินริกิ,Khirinriki
204,,Pineco,คุนุกิดามะ,Khunukidama
205,,Forretress,ฟอเรทอส,Forethot
206,,Dunsparce,โนก็อจจิ,Nokotchi
207,,Gligar,ไกลกา,Klaika
208,,Steelix,ฮากาเนล,Hakanen
209,,Snubbull,บูล,Bun
210,,Granbull,แกรนบูล,Kraenbun
211,,Qwilfish,ฮารีเซน,Harisen
212,,Scizor,ฮัซซัม,Hassam
213,,Shuckle,ซึโบซึโบะ,Suebosuebo
214,,Heracross,เฮราครอส,Herakhrot
215,,Sneasel,นิวลา,Niola
216,,Teddiursa,ฮิเมกุมะ,Himekuma
217,,Ursaring,ริงกุมะ,Ringkuma
218,,Slugma,มักแม็ก,Makmaek
219,,Magcargo,มักคาร์โก,Makkhako
220,,Swinub,อุริมู,Urimu
221,,Piloswine,อิโนมู,Inomu
222,,Corsola,ซันนีโก,Sanniko
223,,Remoraid,เทปโปโอ,Theppoo
224,,Octillery,ออคตัน,Oktan
225,,Delibird,เดลิเบิร์ด,Deliboet
226,,Mantine,แมนไทน์,Maenthai
227,,Skarmory,แอร์มุโด,Aemudo
228,,Houndour,เดลวิล,Denwin
229,,Houndoom,เฮลการ์,Henka
230,,Kingdra,คิงดรา,Khingdara
231,,Phanpy,โกมาโซ,Komaso
232,,Donphan,ดอนแฟน,Donfaen
233,,Porygon2,โพรีกอน2,Phorikon2
234,,Stantler,โอโดชิชิ,Odochichi
235,,Smeargle,โดเบิล,Doboen
236,,Tyrogue,บัลกี,Banki
237,,Hitmontop,คาโพเอลาร์,Khaphoela
238,,Smoochum,มุจูล,Muchun
239,,Elekid,เอเลคิด,Elekhit
240,,Magby,บูบี,Bubi
241,,Miltank,มิลแทงค์,Minthaeng
242,,Blissey,แฮปปีนาส,Haeppinat
243,,Raikou,ไรโค,Raikho
244,,Entei,เอ็นเต,Ente
245,,Suicune,ซุยคูน,Suikhun
246,,Larvitar,โยกิราส,Yokirat
247,,Pupitar,ซานากิราส,Sanakirat
248,,Tyranitar,บันกิราส,Bankirat
249,,Lugia,ลูเกีย,Lukia
250,,Ho-Oh,โฮโอ,Hoo
251,,Celebi,เซเลบี,Selebi
252,,Treecko,คิโมริ,Khimori
253,,Grovyle,จุปไทล์,Chupthai
254,,Sceptile,จูไคน,Chukhain
255,,Torchic,อาชาโม,Achamo
256,,Combusken,วาคาชาโม,Wakhachamo
257,,Blaziken,บาชาโม,Bachamo
258,,Mudkip,มิซึโกโร,Misuekoro
259,,Marshtomp,นูมาโคร,Numakhro
260,,Swampert,ลากลาจ,Laklat
261,,Poochyena,โปชิเอนา,Pochiena
262,,Mightyena,กราเอนา,Kraena
263,,Zigzagoon,จิกุซากุมะ,Chikusakuma
264,,Linoone,มัสสึกุมะ,Matsuekuma
265,,Wurmple,เคมุตโสะ,Khemutso
266,,Silcoon,คาราซาลิส,Kharasalit
267,,Beautifly,อาเกฮันท์,Akehan
268,,Cascoon,มายูลด์,Mayun
269,,Dustox,โดคุเคล,Dokhukhle
270,,Lotad,ฮาซึโบ,Hasuebo
271,,Lombre,ฮาซึเบรโร,Hasuebenro
272,,Ludicolo,รุนปัปปา,Runpappa
273,,Seedot,ทาเนโบ,Thanebo
274,,Nuzleaf,โคโนฮานะ,Khonohana
275,,Shiftry,ดาเทนกุ,Dathenku
276,,Taillow,สึบาเมะ,Suebame
277,,Swellow,โอโอสึบาเมะ,Oosuebame
278,,Wingull,คาโมเมะ,Khamome
279,,Pelipper,เพลิปเปอร์,Phelippoe
280,,Ralts,ราลท์ซ,Ran
281,,Kirlia,เคอเรีย,Khoeria
282,,Gardevoir,เซอไนท์,Soenai
283,,Surskit,อาเมทามะ,Amethama
284,,Masquerain,อาเมมอธ,Amemot
285,,Shroomish,คิโนโคโค,Khinokhokho
286,,Breloom,คิโนกัซซา,Khinokassa
287,,Slakoth,นามาเคโร,Namakhero
288,,Vigoroth,ยารุคิโมโนะ,Yarukhimono
289,,Slaking,เค็คคิง,Khekkhing
290,,Nincada,ซึชินิน,Suechinin
291,,Ninjask,เท็คคานิน,Thekkhanin
292,,Shedinja,นูเคนิน,Nukhenin
293,,Whismur,โกเนียวเนียว,Koniaoniao
294,,Loudred,โดกอม,Dokom
295,,Exploud,บาคุองก์,Bakhuong
296,,Makuhita,มาคุโนชิตะ,Makhunochita
297,,Hariyama,ฮาริเทยามะ,Haritheyama
298,,Azurill,รูริริ,Ruriri
299,,Nosepass,โนซพาส,Nosphat
300,,Skitty,เอเนโค,Enekho
301,,Delcatty,เอเนโคโรโระ,Enekhororo
302,,Sableye,ยามิรามิ,Yamirami
303,,Mawile,คูชีท,Khuchit
304,,Aron,โคโคโดรา,Khokhodora
305,,Lairon,โคโดรา,Khodora
306,,Aggron,บอสโกโดรา,Botkodora
307,,Meditite,อาซานัน,Asanan
308,,Medicham,ชาเรม,Charem
309,,Electrike,ราคุไร,Rakhurai
310,,Manectric,ไลโวลต์,Laiwon
311,,Plusle,พราเซิล,Phrasoen
312,,Minun,ไมนัน,Mainan
313,,Volbeat,บารูบีท,Barubit
314,,Illumise,อิลูมิเซะ,Ilumise
315,,Roselia,โรเซเลีย,Roselia
316,,Gulpin,โกคูลิน,Kokhulin
317,,Swalot,มารุโนม,Marunom
318,,Carvanha,คิบาเนีย,Khibania
319,,Sharpedo,ซาเมฮาเดอร์,Samehadoe
320,,Wailmer,เวลโกะ,Wenko
321,,Wailord,เวลโอ,Weno
322,,Numel,ดอนเมล,Donmen
323,,Camerupt,บาคูดา,Bakhuda
324,,Torkoal,โคทอยซ์,Khothoi
325,,Spoink,บาเนบู,Banebu
326,,Grumpig,บูพิก,Buphik
327,,Spinda,พัทชีล,Phatchin
328,,Trapinch,นัคครา,Nakkhra
329,,Vibrava,วิบราวา,Wibrawa
330,,Flygon,ฟลายกอน,Flaikon
331,,Cacnea,ซาโบเนีย,Sabonia
332,,Cacturne,น็อคทัส,Nokthat
333,,Swablu,ทิลท์โท,Thintho
334,,Altaria,ทิลทาลิส,Thinthalit
335,,Zangoose,แซงกูส,Saengkut
336,,Seviper,ฮาบูเนค,Habunek
337,,Lunatone,ลูนาโทน,Lunathon
338,,Solrock,โซลร็อก,Sonrok
339,,Barboach,โดโจทช์,Dochot
340,,Whiscash,นามาซูน,Namasun
341,,Corphish,เฮกานิ,Hekani
342,,Crawdaunt,ชิซาริเกอร์,Chisarikoe
343,,Baltoy,ยาจิลอน,Yachilon
344,,Claydol,เนนดอลล์,Nendon
345,,Lileep,ลิลีลา,Lilila
346,,Cradily,ยูเรเดิล,Yuredoen
347,,Anorith,อน็อปธ์,Anop
348,,Armaldo,อามัลโด,Amando
349,,Feebas,ฮินบาส,Hinbat
350,,Milotic,มิโลคารอส,Milokharot
351,,Castform,โปวาลุน,Powalun
352,,Kecleon,คาคุเลียน,Khakhulian
353,,Shuppet,คาเงะโบอุส,Khangebout
354,,Banette,จุปเป็ตตะ,Chuppetta
355,,Duskull,โยมาวารุ,Yomawaru
356,,Dusclops,ซามาโยรุ,Samayoru
357,,Tropius,โทรพิอุส,Throphiut
358,,Chimecho,ชิรีน,Chirin
359,,Absol,แอบโซล,Aepson
360,,Wynaut,โซนาโนะ,Sonano
361,,Snorunt,ยูกิวาราชิ,Yukiwarachi
362,,Glalie,โอนิโกริ,Onikori
363,,Spheal,ทามาซาราชิ,Thamasarachi
364,,Sealeo,โทดอกเกลอร์,Thodokkloe
365,,Walrein,โทโดเซรุกา,Thodoseruka
366,,Clamperl,ปาลูลุ,Palulu
367,,Huntail,ฮันเทล,Hanthen
368,,Gorebyss,ซาคุราบีส,Sakhurabit
369,,Relicanth,จีแลนซ์,Chilaen
370,,Luvdisc,เลิฟคัส,Loepkhat
371,,Bagon,ทัทซึเบ,Thatsuebe
372,,Shelgon,โคโมรู,Khomoru
373,,Salamence,โบมันเดอร์,Bomandoe
374,,Beldum,ดันบัล,Danban
375,,Metang,เมแทงก์,Methaeng
376,,Metagross,เมทากรอส,Methakrot
377,,Regirock,เรจิร็อก,Rechirok
378,,Regice,เรจิไอซ์,Rechiai
379,,Registeel,เรจิสตีล,Rechisatin
380,,Latias,ลาทิอาส,Lathiat
381,,Latios,ลาทิโอส,Lathiot
382,,Kyogre,ไคออกา,Khaioka
383,,Groudon,กราดอน,Kradon
384,,Rayquaza,เร็คควอซา,Rekkhwosa
385,,Jirachi,จิราชิ,Chirachi
386,,Deoxys,ดีอ็อกซิส,Dioksit
387,,Turtwig,นาเอเติล,Naetoen
388,,Grotle,ฮายาชิกาเมะ,Hayachikame
389,,Torterra,โดไดโทส,Dodaithot
390,,Chimchar,ฮิโกซารุ,Hikosaru
391,,Monferno,โมคาซารุ,Mokhasaru
392,,Infernape,โกคาซารุ,Kokhasaru
393,,Piplup,โพจจามะ,Photchama
394,,Prinplup,โพจไทชิ,Photthaichi
395,,Empoleon,เอ็มเพลท์,Emphen
396,,Starly,มุคคูรุ,Mukkhuru
397,,Staravia,มุคูเบิร์ด,Mukhuboet
398,,Staraptor,มุคูฮอว์ก,Mukhuhok
399,,Bidoof,บิปปา,Bippa
400,,Bibarel,บีดารุ,Bidaru
401,,Kricketot,โคโรโบชิ,Khorobochi
402,,Kricketune,โคโรท็อก,Khorothok
403,,Shinx,โคลิงก์,Kholing
404,,Luxio,ลุคซิโอ,Luksio
405,,Luxray,เร็นโทรา,Renthora
406,,Budew,ซึโบมี,Suebomi
407,,Roserade,โรสเรด,Rosaret
408,,Cranidos,ซึไกโดส,Suekaidot
409,,Rampardos,แรมพาล์ด,Raemphat
410,,Shieldon,ทาเทท็อปส์,Thathethop
411,,Bastiodon,โทริเด็ปส์,Thoridep
412,,Burmy,มิโนมุจจิ,Minomutchi
413,,Wormadam,มิโนมาดาม,Minomadam
414,,Mothim,กาเมล,Kamen
415,,Combee,มิทซึฮันนี,Mitsuehanni
416,,Vespiquen,บีควิน,Bikwin
417,,Pachirisu,พาจิริซึ,Phachirisue
418,,Buizel,บุยเซล,Buisen
419,,Floatzel,โฟลเซล,Flosen
420,,Cherubi,เชอรินโบ,Choerinbo
421,,Cherrim,เชอริม,Choerim
422,,Shellos,คารานะคูชิ,Kharanakhuchi
423,,Gastrodon,ไทรโทดอน,Thraithodon
424,,Ambipom,เอเทโบธ,Ethebot
425,,Drifloon,ฟูวันเต,Fuwante
426,,Drifblim,ฟูวาไรด์,Fuwarai
427,,Buneary,มิมิโรล,Mimiron
428,,Lopunny,มิมิล็อป,Mimilop
429,,Mismagius,มูมาจิ,Mumachi
430,,Honchkrow,ดอนคาราซึ,Donkharasue
431,,Glameow,เนียรุมา,Niaruma
432,,Purugly,บูเนียตโตะ,Buniatto
433,,Chingling,ลีชาน,Lichan
434,,Stunky,สกังพู,Sakangphu
435,,Skuntank,สกาแทงค์,Sakathaeng
436,,Bronzor,โดมิเรอร์,Domiroe
437,,Bronzong,โดทาคุน,Dothakhun
438,,Bonsly,อุโซฮาจิ,Usohachi
439,,Mime Jr.,มาเนเน,Manene
440,,Happiny,พินพูคุ,Phinphukhu
441,,Chatot,เพราป,Pherap
442,,Spiritomb,มิคารูเกะ,Mikharuke
443,,Gible,ฟุคามารุ,Fukhamaru
444,,Gabite,กาไบต์,Kabai
445,,Garchomp,กาเบรียส,Kabriat
446,,Munchlax,กอนเบะ,Konbe
447,,Riolu,ริโอลุ,Riolu
448,,Lucario,ลูคาริโอ,Lukhario
449,,Hippopotas,ฮิปโปโปตัส,Hippopotat
450,,Hippowdon,คาบัลดอน,Khabandon
451,,Skorupi,สกอร์ปี,Sakopi
452,,Drapion,โดราเปียน,Dorapian
453,,Croagunk,กูเรกกรู,Kurekkru
454,,Toxicroak,โดคูร็อก,Dokhurok
455,,Carnivine,มัสคิปปา,Matkhippa
456,,Finneon,เคโคโอ,Khekhoo
457,,Lumineon,เนโอแลนท์,Neolaen
458,,Mantyke,ทาแมนทา,Thamaentha
459,,Snover,ยูกิคาบูริ,Yukikhaburi
460,,Abomasnow,ยูกิโน,Yukino
461,,Weavile,มานิวลา,Maniola
462,,Magnezone,จิบะคอยล์,Chibakhoi
463,,Lickilicky,เบโรเบลท์,Beroben
464,,Rhyperior,โดไซดอน,Dosaidon
465,,Tangrowth,โมจัมโบ,Mochambo
466,,Electivire,เอเลคิเบิล,Elekhiboen
467,,Magmortar,บูเบิร์น,Buboen
468,,Togekiss,โทเกคิส,Thokekhit
469,,Yanmega,เมกกะยันมะ,Mekkayanma
470,,Leafeon,ลีเฟีย,Lifia
471,,Glaceon,กราเซีย,Krasia
472,,Gliscor,ไกลออน,Klaion
473,,Mamoswine,แมมมู,Maemmu
474,,Porygon-Z,โพรีกอน-แซด,Phorikon-Saet
475,,Gallade,เอรูเรโด,Eruredo
476,,Probopass,ไดโนซ,Dainot
477,,Dusknoir,โยนัว,Yonua
478,,Froslass,ยูกิเมโนโกะ,Yukimenoko
479,,Rotom,โรตอม,Rotom
480,,Uxie,ยุคซี,Yuksi
481,,Mesprit,เอ็มริต,Emrit
482,,Azelf,อักนอม,Aknom
483,,Dialga,ดีอัลกา,Dianka
484,,Palkia,พัลเกีย,Phankia
485,,Heatran,ฮีดราน,Hitran
486,,Regigigas,เรจิกิกัส,Rechikikat
487,,Giratina,กิราตินา,Kiratina
488,,Cresselia,เครเซเลีย,Khreselia
489,,Phione,ฟีโอเน,Fione
490,,Manaphy,มานาฟี,Manafi
491,,Darkrai,ดาร์กไร,Dakrai
492,,Shaymin,เชมิน,Chemin
493,,Arceus,อาร์เซอุส,Aseut
494,,Victini,วิคทินี,Wikthini
495,,Snivy,ซึทาจะ,Suethacha
496,,Servine,จาโนวี,Chanowi
497,,Serperior,จาโลดา,Chaloda
498,,Tepig,โพคาบู,Phokhabu
499,,Pignite,จาโอบู,Chaobu
500,,Emboar,เอ็นบูโอ,Enbuo
501,,Oshawott,มิจูมารุ,Michumaru
502,,Dewott,ฟุตาจิมารุ,Futachimaru
503,,Samurott,ไดเคนคิ,Daikhenkhi
504,,Patrat,มิเนซูมิ,Minesumi
505,,Watchog,มิรูฮอก,Miruhok
506,,Lillipup,โยเทอรี,Yothoeri
507,,Herdier,เฮอเดอเรีย,Hoedoeria
508,,Stoutland,มูแลนด์,Mulaen
509,,Purrloin,โจโรเนโกะ,Choroneko
510,,Liepard,เลพัลดัส,Lephandat
511,,Pansage,ยานัปปุ,Yanappu
512,,Simisage,ยานักกี,Yanakki
513,,Pansear,บาอปปุ,Baoppu
514,,Simisear,บาอกกี,Baokki
515,,Panpour,ฮิยัปปุ,Hiyappu
516,,Simipour,ฮิยักกี,Hiyakki
517,,Munna,มุนนะ,Munna
518,,Musharna,มุชานา,Muchana
519,,Pidove,มาเมพาโตะ,Mamephato
520,,Tranquill,ฮาโทโบ,Hathobo
521,,Unfezant,เคนโฮโล,Khenholo
522,,Blitzle,ชิมามา,Chimama
523,,Zebstrika,ซีบรายกา,Sipraika
524,,Roggenrola,ดันโกโร,Dankoro
525,,Boldore,กันเทิล,Kanthoen
526,,Gigalith,กิไกอาซ,Kikaiat
527,,Woobat,โคโรโมริ,Khoromori
528,,Swoobat,โคโคโรโมริ,Khokhoromori
529,,Drilbur,โมกุริว,Mokurio
530,,Excadrill,โดริวซึ,Doriosue
531,,Audino,ทาบุนเนะ,Thabunne
532,,Timburr,ด็อคโคเรอร์,Dokkhoroe
533,,Gurdurr,โดเท็คคทซึ,Dothekkhotsue
534,,Conkeldurr,โรบูชิน,Robuchin
535,,Tympole,โอทามาโร,Othamaro
536,,Palpitoad,กามาการุ,Kamakaru
537,,Seismitoad,กามาเกโรเกะ,Kamakeroke
538,,Throh,นาเกคิ,Nakekhi
539,,Sawk,ดาเกคิ,Dakekhi
540,,Sewaddle,คูรูมีรุ,Khurumiru
541,,Swadloon,คูรูมายุ,Khurumayu
542,,Leavanny,ฮาฮาโคโมริ,Hahakhomori
543,,Venipede,ฟูชิเดะ,Fuchide
544,,Whirlipede,วีกา,Wika
545,,Scolipede,เพนโดรา,Phendora
546,,Cottonee,โมนเมน,Monmen
547,,Whimsicott,เอลฟุน,Enfun
548,,Petilil,จูริเน,Churine
549,,Lilligant,เดรเดีย,Dendia
550,,Basculin,บาสราโอ,Basrao
551,,Sandile,เมะกุโรโกะ,Mekuroko
552,,Krokorok,วารุวิล,Waruwin
553,,Krookodile,วารุเวียล,Waruwian
554,,Darumaka,ดารุมักกะ,Darumakka
555,,Darmanitan,ฮิฮิดารุมะ,Hihidaruma
556,,Maractus,มาราคัจจิ,Marakhatchi
557,,Dwebble,อิชิซึไม,Ichisuemai
558,,Crustle,อิวาพาเลซ,Iwaphalet
559,,Scraggy,ซึรุกกุ,Suerukku
560,,Scrafty,ซึรุซึคิน,Suerusuekhin
561,,Sigilyph,ซิมโบลา,Simbola
562,,Yamask,เดซึมาซึ,Desuemasue
563,,Cofagrigus,เดซึคาน,Desuekhan
564,,Tirtouga,โปรโตกา,Protoka
565,,Carracosta,อบาโกรา,Abakora
566,,Archen,อาเคน,Akhen
567,,Archeops,อาเคโอส,Akheot
568,,Trubbish,ยาบุคุรอน,Yabukhuron
569,,Garbodor,ดัสต์ดาส,Datdat
570,,Zorua,โซรัว,Sorua
571,,Zoroark,โซโรอาร์ค,Soroak
572,,Minccino,จิลามี,Chilami
573,,Cinccino,จิลัคจิโน,Chilakchino
574,,Gothita,โกธิมู,Kothimu
575,,Gothorita,โกธิมิรุ,Kothimiru
576,,Gothitelle,โกธิรูเซล,Kothirusel
577,,Solosis,ยูนิรัน,Yuniran
578,,Duosion,ดาบูลัน,Dabulan
579,,Reuniclus,แลนคูลัส,Laenkhulat
580,,Ducklett,โคอารูฮิ,Khoaruhi
581,,Swanna,สวอนนา,Sawonna
582,,Vanillite,วานิเพ็ตติ,Waniphetti
583,,Vanillish,วานิริช,Waniritcha
584,,Vanilluxe,ไบวานิลลา,Baiwaninla
585,,Deerling,ชิคิจิกะ,Chikhichika
586,,Sawsbuck,เมบูคิจิกะ,Mebukhichika
587,,Emolga,เอมอนกา,Emonka
588,,Karrablast,คาบูรูโมะ,Khaburumo
589,,Escavalier,ชูวัลโก,Chuwanko
590,,Foongus,ทามาเกะทาเคะ,Thamakethakhe
591,,Amoonguss,โมโรบาเรรุ,Morobareru
592,,Frillish,พูรูริล,Phururin
593,,Jellicent,บูรุนเจล,Burunchen
594,,Alomomola,มามันโบ,Mamanbo
595,,Joltik,บาชูรุ,Bachuru
596,,Galvantula,เดนทูลา,Denthula
597,,Ferroseed,เทสซีด,Thetsit
598,,Ferrothorn,นัทเทรย์,Natthen
599,,Klink,เกียร์,Kia
600,,Klang,กิเกียร์,Kikia
601,,Klinklang,กิกิเกียร์,Kikikia
602,,Tynamo,ชิบิชิราซึ,Chibichirasue
603,,Eelektrik,ชิบิบีล,Chibibin
604,,Eelektross,ชิบิรูดอน,Chibirudon
605,,Elgyem,ลีเกรย์,Likre
606,,Beheeyem,โอเบ็ม,Obem
607,,Litwick,ฮิโตโมชิ,Hitomochi
608,,Lampent,แลมพูลา,Laemphula
609,,Chandelure,แชนเดลา,Chaendela
610,,Axew,คิบาโกะ,Khibako
611,,Fraxure,โอโนนโดะ,Onondo
612,,Haxorus,โอโนโนคุส,Ononokhut
613,,Cubchoo,คูมะชุน,Khumachun
614,,Beartic,ทันแบร์,Thanbae
615,,Cryogonal,ฟรีจิโอ,Frichio
616,,Shelmet,โชโบมากิ,Chobomaki
617,,Accelgor,อกิลดา,Akilada
618,,Stunfisk,มักเกียว,Makkiao
619,,Mienfoo,โคโจฟู,Khochofu
620,,Mienshao,โคโจนโดะ,Khochondo
621,,Druddigon,คริมแกน,Khrimkaen
622,,Golett,โกบิท,Kobit
623,,Golurk,โกลูก,Koluk
624,,Pawniard,โคมาทานา,Khomathana
625,,Bisharp,คิริคิซัน,Khirikhisan
626,,Bouffalant,บัฟฟรอน,Baffron
627,,Rufflet,วาชิบอน,Wachibon
628,,Braviary,วอร์เกิล,Wokoen
629,,Vullaby,วัลไจ,Wanchai
630,,Mandibuzz,วัลจีนา,Wanchina
631,,Heatmor,คุยทาแรน,Khuitharaen
632,,Durant,ไอแอนท์,Aiaen
633,,Deino,โมโนซึ,Monosue
634,,Zweilous,จิเฮด,Chihet
635,,Hydreigon,ซาซันดรา,Sasandara
636,,Larvesta,เมลาร์วา,Melawa
637,,Volcarona,อุลกามอธ,Unkamot
638,,Cobalion,โคบัลออน,Khobanon
639,,Terrakion,เทราคิออน,Therakhion
640,,Virizion,วิริซิออน,Wirision
641,,Tornadus,ทอร์เนลอส,Thonelot
642,,Thundurus,โวลโทลอส,Wontholot
643,,Reshiram,เรชิรัม,Rechiram
644,,Zekrom,เซครอม,Sekrom
645,,Landorus,แลนโดลอส,Laendolot
646,,Kyurem,คิวเรม,Khiorem
647,,Keldeo,เคลดิโอ,Khledio
648,,Meloetta,เมโลเอตตา,Meloetta
649,,Genesect,เกโนเซ็กท์,Kenosek
650,,Chespin,ฮาริมารอน,Harimaron
651,,Quilladin,ฮาริบอร์ก,Haribok
652,,Chesnaught,บริการอน,Borikaron
653,,Fennekin,ฟ็อกโกะ,Fokko
654,,Braixen,ไทเรนาร์,Thairena
655,,Delphox,มาฟ็อกซี,Mafoksi
656,,Froakie,เคโรมัตซึ,Kheromatsue
657,,Frogadier,เกโคกาชิระ,Kekhokachira
658,,Greninja,เก็คโคกะ,Kekkhoka
659,,Bunnelby,โฮรุบี,Horubi
660,,Diggersby,โฮรุโด,Horudo
661,,Fletchling,ยายาโคมะ,Yayakhoma
662,,Fletchinder,ฮิโนยาโคมะ,Hinoyakhoma
663,,Talonflame,ไฟร์แอโรว์,Faiaero
664,,Scatterbug,โคฟูคิมูชิ,Khofukhimuchi
665,,Spewpa,โคฟูไร,Khofurai
666,,Vivillon,วิวิญอง,Wiwiyong
667,,Litleo,ชิชิโกะ,Chichiko
668,,Pyroar,คาเอ็นจิชิ,Khaenchichi
669,,Flabébé,ฟลาเบเบ,Flabebe
670,,Floette,ฟลาเอตเต,Flaette
671,,Florges,ฟลาเจส,Flachet
672,,Skiddo,เมเคิล,Mekhoen
673,,Gogoat,โกโกท,Kokot
674,,Pancham,ยันชัม,Yancham
675,,Pangoro,โกรอนดะ,Koronda
676,,Furfrou,ทริมเมียน,Tharimmian
677,,Espurr,เนียสเปอร์,Niatpoe
678,,Meowstic,เนียโอนิกซ์,Niaonik
679,,Honedge,ฮิโตทซึกิ,Hitotsueki
680,,Doublade,นิดังกิล,Nidangkin
681,,Aegislash,กิลการ์ด,Kinkat
682,,Spritzee,ชูชูป,Chuchup
683,,Aromatisse,เฟรฟุวัน,Frefuwan
684,,Swirlix,เพร็อพพัฟ,Pheropphap
685,,Slurpuff,เพโรรีม,Pherorim
686,,Inkay,มาอีกะ,Maika
687,,Malamar,คาลามาเนโร,Khalamanero
688,,Binacle,คาเมเทเทะ,Khamethethe
689,,Barbaracle,กาเมโนเดส,Kamenodet
690,,Skrelp,คูซูโม,Khusumo
691,,Dragalge,ดรามิโดโร,Daramidoro
692,,Clauncher,อุเด็ปโป,Udeppo
693,,Clawitzer,บลอสเตอร์,Blottoe
694,,Helioptile,เอลิคิเทล,Elikhithen
695,,Heliolisk,เอเลซาร์ด,Elesat
696,,Tyrunt,จิโกรัส,Chikorat
697,,Tyrantrum,กาจิโกรัส,Kachikorat
698,,Amaura,อมารุส,Amarut
699,,Aurorus,อมารูรูกา,Amaruruka
700,,Sylveon,นิมเฟีย,Nimfia
701,,Hawlucha,ลูจาบูล,Luchabun
702,,Dedenne,เดเด็นเนะ,Dedenne
703,,Carbink,เมเลซี,Melesi
704,,Goomy,นูเมรา,Numera
705,,Sliggoo,นูเมล,Numen
706,,Goodra,นูเมลกอน,Numenkon
707,,Klefki,เคลฟฟี,Khleffi
708,,Phantump,โบคุเร,Bokhure
709,,Trevenant,โอร็อต,Orot
710,,Pumpkaboo,บาเค็จจะ,Bakhetcha
711,,Gourgeist,พัมพ์จิน,Phamchin
712,,Bergmite,คาจิคอล,Khachikhon
713,,Avalugg,เครเบส,Khrebet
714,,Noibat,ออนแบท,Onbaet
715,,Noivern,ออนเวิร์น,Onwoen
716,,Xerneas,เซอเนียส,Soeniat
717,,Yveltal,อีเวลทอล,Iwenthon
718,,Zygarde,ซีการ์ด,Sikat
719,,Diancie,ดีแอนซี,Diaensi
720,,Hoopa,ฮูปา,Hupa
721,,Volcanion,โวลเคเนียน,Wonkhenian
722,,Rowlet,โมคุโร,Mokhuro
723,,Dartrix,ฟุคุซึโร,Fukhusuero
724,,Decidueye,จูไนเปอร์,Chunaipoe
725,,Litten,เนียบี,Niabi
726,,Torracat,เนียฮีท,Niahit
727,,Incineroar,กาโอกาเอ็น,Kaokaen
728,,Popplio,อชิมาริ,Achimari
729,,Brionne,โอชามาริ,Ochamari
730,,Primarina,อชิเรเน,Achirene
731,,Pikipek,สึสึเคระ,Suesuekhera
732,,Trumbeak,เครารัปปา,Khraorappa
733,,Toucannon,โดเดคาบาชิ,Dodekhabachi
734,,Yungoos,ยังกูส,Yangkut
735,,Gumshoos,เดคากูส,Dekhakut
736,,Grubbin,อโกจิมูชิ,Akochimuchi
737,,Charjabug,เด็นจิมูชิ,Denchimuchi
738,,Vikavolt,คุวากานอน,Khuwakanon
739,,Crabrawler,มาเค็นคานิ,Makhenkhani
740,,Crabominable,เคเค็นคานิ,Khekhenkhani
741,,Oricorio,โอโดริโดริ,Odoridori
742,,Cutiefly,อบูรี,Aburi
743,,Ribombee,อบูริบง,Aburibong
744,,Rockruff,อิวังโค,Iwangkho
745,,Lycanroc,ลูกาลูกัน,Lukalukan
746,,Wishiwashi,โยวาชิ,Yowachi
747,,Mareanie,ฮิโดอิเดะ,Hidoide
748,,Toxapex,โดฮิโดอิเดะ,Dohidoide
749,,Mudbray,โดโรบังโค,Dorobangkho
750,,Mudsdale,บัมบะโดโร,Bambadoro
751,,Dewpider,ชิซึคุโม,Chisuekhumo
752,,Araquanid,โอนิชิซึคุโม,Onichisuekhumo
753,,Fomantis,คาริคิริ,Kharikhiri
754,,Lurantis,รารันเทส,Raranthet
755,,Morelull,เนมาชู,Nemachu
756,,Shiinotic,มาเชโดะ,Machedo
757,,Salandit,ยาโทโมริ,Yathomori
758,,Salazzle,เอ็นนิวท์,Ennio
759,,Stufful,นุยโคกุมะ,Nuikhokuma
760,,Bewear,คิเทรุกุมะ,Khitherukuma
761,,Bounsweet,อมาคาจิ,Amakhachi
762,,Steenee,อมามาอิโกะ,Amamaiko
763,,Tsareena,อมาโจ,Amacho
764,,Comfey,คิววะวา,Khiowawa
765,,Oranguru,ยาเรยูตัน,Yareyutan
766,,Passimian,นาเก็ทซึเกะซารุ,Naketsuekesaru
767,,Wimpod,โคโซคูมูชิ,Khosokhumuchi
768,,Golisopod,กูโซคูมูชะ,Kusokhumucha
769,,Sandygast,ซึนาบา,Suenaba
770,,Palossand,ชิโรเดซึนะ,Chirodesuena
771,,Pyukumuku,นามาโคบูชิ,Namakhobuchi
772,,Type: Null,ไทป์: นูล,Thai: Nun
773,,Silvally,ซิลวาดี,Sinwadi
774,,Minior,เมเทโน,Metheno
775,,Komala,เน็คโคอาลา,Nekkhoala
776,,Turtonator,บาคุกาเมส,Bakhukamet
777,,Togedemaru,โทเกะเดมารุ,Thokedemaru
778,,Mimikyu,มิมิคคิว,Mimikkhio
779,,Bruxish,ฮากิกิชิริ,Hakikichiri
780,,Drampa,จิจีลอน,Chichilon
781,,Dhelmise,ดาดาริน,Dadarin
782,,Jangmo-o,จาราโค,Charakho
783,,Hakamo-o,จารังโก,Charangko
784,,Kommo-o,จารารังกา,Chararangka
785,,Tapu Koko,คาปู โคเคโค,Khapu Khokhekho
786,,Tapu Lele,คาปู เทเทฟู,Khapu Thethefu
787,,Tapu Bulu,คาปู บูลูลู,Khapu Bululu
788,,Tapu Fini,คาปู เรฮิเร,Khapu Rehire
789,,Cosmog,คอสม็อก,Khosamok
790,,Cosmoem,คอสโมม,Khosamom
791,,Solgaleo,โซลกาเลโอ,Sonkaleo
792,,Lunala,ลูนาอาลา,Lunaala
793,,Nihilego,อุทซึรอยด์,Utsueroi
794,,Buzzwole,มัสชิบูน,Matchibun
795,,Pheromosa,เฟโรเช,Feroche
796,,Xurkitree,เด็นจูโมคุ,Denchumokhu
797,,Celesteela,เท็คคากูยะ,Thekkhakuya
798,,Kartana,คามิทซึรูกิ,Khamitsueruki
799,,Guzzlord,อคูจิคิง,Akhuchikhing
800,,Necrozma,เนครอสมา,Nekrotma
801,,Magearna,มาเกียนา,Makiana
802,,Marshadow,มาร์ชาโดว์,Machado
803,,Poipole,เบเวนอม,Bewenom
804,,Naganadel,อาโกโยง,Akoyong
805,,Stakataka,สึนเดะสึนเดะ,Suendesuende
806,,Blacephalon,ซุกะโด้ง,Sukadong
807,,Zeraora,เซราโอรา,Seraora
808,,Meltan,เมลตัน,Mentan
809,,Melmetal,เมลเมทัล,Menmethan
810,,Grookey,ซารุโนริ,Sarunori
811,,Thwackey,บาจินคี,Bachinkhi
812,,Rillaboom,กอริลลันดา,Korinlanda
813,,Scorbunny,ฮิบานี,Hibani
814,,Raboot,แรบบิฟุต,Raepbifut
815,,Cinderace,เอสเบิร์น,Esboen
816,,Sobble,เมซซอน,Messon
817,,Drizzile,จิเมเลียน,Chimelian
818,,Inteleon,อินเทเลียน,Inthelian
819,,Skwovet,โฮชิกะริสึ,Hochikarisue
820,,Greedent,โยคุบะริสึ,Yokhubarisue
821,,Rookidee,โคโคการะ,Khokhokara
822,,Corvisquire,อาโอคาราสึ,Aokharasue
823,,Corviknight,อาร์เมอร์การ์,Amoeka
824,,Blipbug,ซัจจิมุชิ,Satchimuchi
825,,Dottler,เลโดมุชิ,Ledomuchi
826,,Orbeetle,อิออร์บ,Iop
827,,Nickit,คุสุเนะ,Khusune
828,,Thievul,ฟ็อกสไล,Foksalai
829,,Gossifleur,ฮิเมงกะ,Himengka
830,,Eldegoss,วาตะชิรากะ,Watachiraka
831,,Wooloo,วูลู,Wulu
832,,Dubwool,ไบวูลู,Baiwulu
833,,Chewtle,คามุคาเมะ,Khamukhame
834,,Drednaw,คาจิริกาเมะ,Khachirikame
835,,Yamper,วันปาจิ,Wanpachi
836,,Boltund,พัลส์วัน,Phanwan
837,,Rolycoly,ทันด้ง,Thandong
838,,Carkol,โทร็อกกอน,Thorokkon
839,,Coalossal,เซคิทันซัง,Sekhithansang
840,,Applin,คาจิชชู,Khachitchu
841,,Flapple,แอปปริว,Aepprio
842,,Appletun,ทารุปเปิล,Tharuppoen
843,,Silicobra,ซึนะเฮบิ,Suenahebi
844,,Sandaconda,ซาไดจา,Sadaicha
845,,Cramorant,อุ๊อุ,Uu
846,,Arrokuda,ซาชิคามาสึ,Sachikhamasue
847,,Barraskewda,คามาสึโจ,Khamasuecho
848,,Toxel,เอเลซัน,Elesan
849,,Toxtricity,สตรินเดอร์,Sotrindoe
850,,Sizzlipede,ยาคุเดะ,Yakhude
851,,Centiskorch,มารุยาคุเดะ,Maruyakhude
852,,Clobbopus,ทาทักโกะ,Thathakko
853,,Grapploct,โอโทสพัส,Othotphat
854,,Sinistea,ยาบาฉะ,Yabacha
855,,Polteageist,พอตเดธ,Photdet
856,,Hatenna,มิบริม,Miprim
857,,Hattrem,เทบริม,Theprim
858,,Hatterene,บริมออน,Borimon
859,,Impidimp,เบโรบา,Beroba
860,,Morgrem,กิโม,Kimo
861,,Grimmsnarl,โอลองเกะ,Olongke
862,,Obstagoon,ทาจิฟซากุมะ,Thachifsakuma
863,,Perrserker,เนียคิง,Niakhing
864,,Cursola,ซานิกอน,Sanikon
865,,Sirfetch'd,เนงิกะไนท์,Nengikanai
866,,Mr. Rime,บาลิโคโอรุ,Balikhooru
867,,Runerigus,เดธเบิร์น,Detboen
868,,Milcery,มาโฮมิล,Mahomin
869,,Alcremie,มาวิป,Mawip
870,,Falinks,ไทเรสึ,Thairesue
871,,Pincurchin,บาจินอุนิ,Bachinuni
872,,Snom,ยูกิฮามิ,Yukihami
873,,Frosmoth,มอสโนว์,Motno
874,,Stonjourner,อิชิเฮนจิน,Ichihenchin
875,,Eiscue,โคโอริปโปะ,Khoorippo
876,,Indeedee,อิเอซซัน,Iessan
877,,Morpeko,โมรุเปโกะ,Morupeko
878,,Cufant,โซโด,Sodo
879,,Copperajah,ไดโอโด,Daiodo
880,,Dracozolt,พัจจิรากอน,Phatchirakon
881,,Arctozolt,พัจจิรุดอน,Phatchirudon
882,,Dracovish,อุโอโนรากอน,Uonorakon
883,,Arctovish,อุโอจิรุดอน,Uochirudon
884,,Duraludon,ดิวรัลดอน,Diorandon
885,,Dreepy,โดราเมชิยะ,Doramechiya
886,,Drakloak,โดรอนจิ,Doronchi
887,,Dragapult,โดราพัลท์,Doraphan
888,,Zacian,ซาเชียน,Sachian
889,,Zamazenta,ซามาเซนตา,Samasenta
890,,Eternatus,มุเก็นไดนา,Mukendaina
891,,Kubfu,ดาคุมะ,Dakhuma
892,,Urshifu,วูลาโอส,Wulaot
893,,Zarude,ซารู้ด,Sarut
894,,Regieleki,เรจิเอเลคิ,Rechielekhi
895,,Regidrago,เรจิดราโก,Rechidrako
896,,Glastrier,บลิซซาพอส,Blitsaphot
897,,Spectrier,เรสพอส,Retphot
898,,Calyrex,บัดเดร็กซ์,Batdrek
899,,Wyrdeer,อายาชิชิ,Ayachichi
900,,Kleavor,บาซากิริ,Basakiri
901,,Ursaluna,กาจิกุมะ,Kachikuma
902,,Basculegion,อิไดโต,Idaito
903,,Sneasler,โอนิวลา,Oniola
904,,Overqwil,ฮารีมัน,Hariman
905,,Enamorus,เลิฟโทลอส,Loeftholot