Solitaire Card Game,Difficulty Level,Skill Level,Chance of Winning,Game Length,Solitaire Type,License Type,Alternate Name(s),Family-Friendly?,Rule,Source(s)
'S',Very Easy,Chance,Very High,Very Quick,Two-Deck,Public Domain,,Yes,Click Here,
47776,Easy,Mostly Chance,High,Quick,Row,Copyrighted,,No,,
11s up,Medium,Moderate,Medium,Medium,Pairing,Unsure,,Unsure,,
15 Puzzle,Hard,Mostly Skill,Low,Long,Non-Builder,,,,,
21 Total Speed,Very Hard,Skill,Very Low,Very Long,Candfield,,,,,
Abacus,Unsure,Difficult,Unsure,Unsure,Memory,,,,,
Above and Below,,Unsure,,,Klondike,,,,,
Accordian,,,,,One-Deck,,,,,
Accordion,,,,,Fan,,,,,
Ace in the Hole,,,,,Forty Thieves,,,,,
Ace of Hearts,,,,,Stripped,,,,,
Ace of Spades,,,,,Spider,,,,,
Ace Through King,,,,,Mathematical,,,,,
Ace-To-King,,,,,Sir Tommy,,,,,
Aces and Kings,,,,,Simple,,,,,
Aces and Kings Easy,,,,,Baker's Dozen,,,,,
Aces High,,,,,FreeCell,,,,,
Aces Square,,,,,Three-Deck,,,,,
Aces Up,,,,,Beleaguered Castle,,,,,
Aces Up (Aces High),,,,,Adding,,,,,
Aces Up (Easthaven),,,,,Queen of Italy,,,,,
Aces Up 5,,,,,Flower Garden,,,,,
Aces Up Pairs,,,,,Puzzle,,,,,
Aces Up Two Decks,,,,,Sly Fox,,,,,
Aces Wild,,,,,Four Seasons,,,,,
Acey and Kingsley,,,,,Four-Deck,,,,,
Achilles,,,,,Faerie Queen,,,,,
Acme,,,,,Yukon,,,,,
Acquaintance,,,,,Miscellany,,,,,
Acquaintance One,,,,,Unsure,,,,,
Acute Triangle,,,,,,,,,,
Add Across (3x3),,,,,,,,,,
Add Across (4x4),,,,,,,,,,
Add Across (5x5),,,,,,,,,,
Add Across (6x6),,,,,,,,,,
Add Up Tens,,,,,,,,,,
Addiction,,,,,,,,,,
Adela,,,,,,,,,,
Adela Patience,,,,,,,,,,
Adelaide,,,,,,,,,,
Admiral,,,,,,,,,,
Admiral's Patience,,,,,,,,,,
Advanced Mitosis,,,,,,,,,,
Agnes,,,,,,,,,,
Agnes Bernauer,,,,,,,,,,
Agnes Four,,,,,,,,,,
Agnes I (Agnes Sorel),,,,,,,,,,
Agnes I (Sorel),,,,,,,,,,
Agnes II (Agnes Bernauer),,,,,,,,,,
Agnes II (Bernauer),,,,,,,,,,
Agnes II Two Decks,,,,,,,,,,
Agnes III (Three),,,,,,,,,,
Agnes Sorel,,,,,,,,,,
Agnes Three,,,,,,,,,,
Agnes Two,,,,,,,,,,
Agreement,,,,,,,,,,
Agreement Two Decks,,,,,,,,,,
Air Lock,,,,,,,,,,
Akhens Temple,,,,,,,,,,
Alaska,,,,,,,,,,
Albatross,,,,,,,,,,
Alcides,,,,,,,,,,
Alexander the Great,,,,,,,,,,
Alexandria,,,,,,,,,,
Algerian,,,,,,,,,,
Algerian Patience,,,,,,,,,,
Algiers,,,,,,,,,,
Alhambra,,,,,,,,,,
Alhambra Palace,,,,,,,,,,
Ali Baba,,,,,,,,,,
All Four Suits,,,,,,,,,,
All Fours,,,,,,,,,,
All in a Row,,,,,,,,,,
Alleys,,,,,,,,,,
Alliance,,,,,,,,,,
Alloway Kirk,,,,,,,,,,
Alternate,,,,,,,,,,
Alternate Patience,,,,,,,,,,
Alternate Railways,,,,,,,,,,
Alternation,,,,,,,,,,
Alternation Easy,,,,,,,,,,
Alternations,,,,,,,,,,
Alternative,,,,,,,,,,
Amazons,,,,,,,,,,
Ambrose,,,,,,,,,,
American Canister,,,,,,,,,,
American Toad,,,,,,,,,,
Ameridan Toad,,,,,,,,,,
Amsterdam,,,,,,,,,,
Anastasia,,,,,,,,,,
Andromeda,,,,,,,,,,
Angels Harp,,,,,,,,,,
Anna,,,,,,,,,,
Anno Domini,,,,,,,,,,
Ant,,,,,,,,,,
Antarctic,,,,,,,,,,
Antares,,,,,,,,,,
Antique,,,,,,,,,,
Ants,,,,,,,,,,
Anubis,,,,,,,,,,
Aphrodite,,,,,,,,,,
Apollo,,,,,,,,,,
Apophis,,,,,,,,,,
Applegate,,,,,,,,,,
Appreciate,,,,,,,,,,
Arabella,,,,,,,,,,
Aracnida,,,,,,,,,,
Aragonese Patience,,,,,,,,,,
Aramis,,,,,,,,,,
Archway,,,,,,,,,,
Arctic,,,,,,,,,,
Argos,,,,,,,,,,
Aribert,,,,,,,,,,
Arizona,,,,,,,,,,
Around the Circle,,,,,,,,,,
Arsenal,,,,,,,,,,
Artic Garden,,,,,,,,,,
Askew,,,,,,,,,,
Aspen,,,,,,,,,,
Assembly,,,,,,,,,,
Assembly Rush,,,,,,,,,,
Assimilation,,,,,,,,,,
Astrocyte,,,,,,,,,,
Athena,,,,,,,,,,
Atlas,,,,,,,,,,
Attraction,,,,,,,,,,
Auld Lang Sync,,,,,,,,,,
Auld Lang Syne,,,,,,,,,,
Aunt Mary,,,,,,,,,,
Austerlitz,,,,,,,,,,
Australian,,,,,,,,,,
Australian Patience,,,,,,,,,,
Australian Spider,,,,,,,,,,
Autumn,,,,,,,,,,
Autumn Leaves,,,,,,,,,,
Avenue,,,,,,,,,,
Aztec Pyramids,,,,,,,,,,
Babette,,,,,,,,,,
Baby Babette,,,,,,,,,,
Baby Giant,,,,,,,,,,
Baby Spiderette,,,,,,,,,,
Baccarat Solitaire,,,,,,,,,,
Back and Forth,,,,,,,,,,
Backbone,,,,,,,,,,
Backbone (Relaxed),,,,,,,,,,
Baker,,,,,,,,,,
Baker Solitaire,,,,,,,,,,
Baker's,,,,,,,,,,
Baker's Dozen,,,,,,,,,,
Baker's Dozen Two Decks,,,,,,,,,,
Baker's Eleven,,,,,,,,,,
Baker's Game,,,,,,,,,,
Baker's Game (Relaxed),,,,,,,,,,
Baker's Game Build and Play,,,,,,,,,,
Baker's Game Two Decks,,,,,,,,,,
Baker's Reversed,,,,,,,,,,
Baker's Score,,,,,,,,,,
Baker's Two-Deck,,,,,,,,,,
Baker’s Game,,,,,,,,,,
BakerCell,,,,,,,,,,
Bakers Dozen,,,,,,,,,,
Bakers Game,,,,,,,,,,
Balcony,,,,,,,,,,
Bald Eagle,,,,,,,,,,
Ballade,,,,,,,,,,
Baltimore,,,,,,,,,,
Bandit,,,,,,,,,,
Banner,,,,,,,,,,
Barcarolle,,,,,,,,,,
Barcelona,,,,,,,,,,
Barney's Spider,,,,,,,,,,
Baroness,,,,,,,,,,
Baroness (5 Piles),,,,,,,,,,
Barricade,,,,,,,,,,
Barricade A,,,,,,,,,,
Barricade B,,,,,,,,,,
Barrier,,,,,,,,,,
Base Pyramid,,,,,,,,,,
Baseball,,,,,,,,,,
Bastille,,,,,,,,,,
Bastille Day,,,,,,,,,,
Bastion,,,,,,,,,,
Bataillion Carre,,,,,,,,,,
Bath,,,,,,,,,,
Batsford,,,,,,,,,,
Batsford Again,,,,,,,,,,
Batsford Rush,,,,,,,,,,
Batsford Triangle,,,,,,,,,,
Battle of the Ladies,,,,,,,,,,
Battle of the Queens,,,,,,,,,,
Bavarian,,,,,,,,,,
Bavarian Patience,,,,,,,,,,
Bear River,,,,,,,,,,
Beautiful Lutecia,,,,,,,,,,
Beaver's Solitaire,,,,,,,,,,
Bedeviled,,,,,,,,,,
Beehive,,,,,,,,,,
Beehive (Gallery Mode),,,,,,,,,,
Beetle,,,,,,,,,,
Beleaguered Castle,,,,,,,,,,
Beleaguered Castle II,,,,,,,,,,
Beleaguered Castle Reversed,,,,,,,,,,
Beleaguered Fortress,,,,,,,,,,
Beleagured Castle,,,,,,,,,,
Bell Towers,,,,,,,,,,
Belvedere,,,,,,,,,,
Berceuse,,,,,,,,,,
Betsy Ross,,,,,,,,,,
Big Apple,,,,,,,,,,
Big Ben,,,,,,,,,,
Big Ben (Relaxed),,,,,,,,,,
Big Bertha,,,,,,,,,,
Big Braid,,,,,,,,,,
Big Divorce,,,,,,,,,,
Big Dozen,,,,,,,,,,
Big Forty,,,,,,,,,,
Big FreeCell,,,,,,,,,,
Big Harp,,,,,,,,,,
Big Robbery,,,,,,,,,,
Big Spider,,,,,,,,,,
Big Spider One Suit,,,,,,,,,,
Big Spider Two Suits,,,,,,,,,,
Bill Beers,,,,,,,,,,
Binary,,,,,,,,,,
Binary Star,,,,,,,,,,
Binding,,,,,,,,,,
Birthday,,,,,,,,,,
Bisley,,,,,,,,,,
Bismarck,,,,,,,,,,
Bits n Bytes,,,,,,,,,,
Bitter Fan,,,,,,,,,,
Black Hole,,,,,,,,,,
Black Spider,,,,,,,,,,
Black Widow,,,,,,,,,,
Blackjack Piles,,,,,,,,,,
Blackjack Pyramid,,,,,,,,,,
Blackjack Square,,,,,,,,,,
Blackjack Squares,,,,,,,,,,
Blind Alley,,,,,,,,,,
Blind Alleys,,,,,,,,,,
Blind FreeCell,,,,,,,,,,
Blind Hookey,,,,,,,,,,
Blind Patience,,,,,,,,,,
Block,,,,,,,,,,
Block 10,,,,,,,,,,
Block Eleven,,,,,,,,,,
Block Fourteen,,,,,,,,,,
Block Island,,,,,,,,,,
Block Ten,,,,,,,,,,
Blockade,,,,,,,,,,
BlockJack,,,,,,,,,,
Blonde and Brunette,,,,,,,,,,
Blondes and Brunettes,,,,,,,,,,
Bloody Mary,,,,,,,,,,
Blue Bonnet,,,,,,,,,,
Blue Jacket,,,,,,,,,,
Blue Moon,,,,,,,,,,
Blues and Browns,,,,,,,,,,
Board Patience,,,,,,,,,,
Bob's Scorpion,,,,,,,,,,
Bobby,,,,,,,,,,
Bolero,,,,,,,,,,
Bonanza Creek,,,,,,,,,,
Bonmaison,,,,,,,,,,
Bonny Portmore,,,,,,,,,,
Book Scorpion,,,,,,,,,,
Boomerang,,,,,,,,,,
Boots,,,,,,,,,,
Boudoir,,,,,,,,,,
Boulevard,,,,,,,,,,
Bouquet,,,,,,,,,,
Bowling,,,,,,,,,,
Bowling Solitaire,,,,,,,,,,
Box Fan,,,,,,,,,,
Box Kite,,,,,,,,,,
Boxing the Compass,,,,,,,,,,
Braid,,,,,,,,,,
Brave Freecell,,,,,,,,,,
Brazilian,,,,,,,,,,
Brazilian Patience,,,,,,,,,,
Breakwater,,,,,,,,,,
Brick by Brick,,,,,,,,,,
Bridesmaids,,,,,,,,,,
Brigade,,,,,,,,,,
Brighton,,,,,,,,,,
Brisbane,,,,,,,,,,
Brisbane Solitaire,,,,,,,,,,
Bristol,,,,,,,,,,
British Blockade,,,,,,,,,,
British Canister,,,,,,,,,,
British Constitution,,,,,,,,,,
British Square,,,,,,,,,,
Brocade,,,,,,,,,,
Broken Intervals,,,,,,,,,,
Brown Recluse,,,,,,,,,,
Brunswick,,,,,,,,,,
Bucket,,,,,,,,,,
Buffalo Bill,,,,,,,,,,
Buffett,,,,,,,,,,
Build by Twos,,,,,,,,,,
Building Pyramids,,,,,,,,,,
Bullfrog,,,,,,,,,,
Bunker,,,,,,,,,,
Bureau,,,,,,,,,,
Buried Treasure,,,,,,,,,,
Burnt Paw,,,,,,,,,,
Busy Aces,,,,,,,,,,
But The Same,,,,,,,,,,
Cadenette,,,,,,,,,,
Cadonette,,,,,,,,,,
Cadran,,,,,,,,,,
Caesar,,,,,,,,,,
Calculation,,,,,,,,,,
Calculation by Threes,,,,,,,,,,
Calculation FreeCell,,,,,,,,,,
Calculation Klondike,,,,,,,,,,
Caledonia,,,,,,,,,,
Calico Bandits of Cairo,,,,,,,,,,
Camaraderie,,,,,,,,,,
Cambridge,,,,,,,,,,
Camel Spider,,,,,,,,,,
Camelot,,,,,,,,,,
Can Can,,,,,,,,,,
Canadian Patience,,,,,,,,,,
Canberra,,,,,,,,,,
Candike,,,,,,,,,,
Canfield,,,,,,,,,,
Canfield (Gallery Mode),,,,,,,,,,
Canfield (Klondike Familiar),,,,,,,,,,
Canfield (Relaxed),,,,,,,,,,
Canfield Easy,,,,,,,,,,
Canfield II,,,,,,,,,,
Canfield Reversed,,,,,,,,,,
Canfield Rush,,,,,,,,,,
Canfield Three Decks,,,,,,,,,,
Canfield Two Suits,,,,,,,,,,
Canister,,,,,,,,,,
Capital,,,,,,,,,,
Caprice,,,,,,,,,,
Caprice Two Decks,,,,,,,,,,
Capricieuse,,,,,,,,,,
Caprisieuse,,,,,,,,,,
Captain's Patience,,,,,,,,,,
Captive Queens,,,,,,,,,,
Capuchin,,,,,,,,,,
Caramel,,,,,,,,,,
Caravel,,,,,,,,,,
Cardiff,,,,,,,,,,
Carice,,,,,,,,,,
Carlton,,,,,,,,,,
Carlton Cell,,,,,,,,,,
Carol,,,,,,,,,,
Carousel,,,,,,,,,,
Carpet,,,,,,,,,,
Carre Napoleon,,,,,,,,,,
Carriage,,,,,,,,,,
Carthage,,,,,,,,,,
Casino Klondike,,,,,,,,,,
Casket,,,,,,,,,,
Cassim,,,,,,,,,,
Cast Out Nines,,,,,,,,,,
Castile,,,,,,,,,,
Castle,,,,,,,,,,
Castle Mount,,,,,,,,,,
Castle of Indolence,,,,,,,,,,
Castle of Indolence (Goodsol),,,,,,,,,,
Castle's End,,,,,,,,,,
Castles End,,,,,,,,,,
Castles in Spain,,,,,,,,,,
Castor and Pollux,,,,,,,,,,
Cat and Mice,,,,,,,,,,
Cat's Cradle,,,,,,,,,,
Cat's Tail,,,,,,,,,,
Catalan,,,,,,,,,,
Catcher,,,,,,,,,,
Cavalier,,,,,,,,,,
Ceiling Fan,,,,,,,,,,
Cell 11,,,,,,,,,,
Cell Eleven,,,,,,,,,,
Cerulean,,,,,,,,,,
Challenge FreeCell,,,,,,,,,,
Challenge Klondike,,,,,,,,,,
Chamberlin,,,,,,,,,,
Chameleon,,,,,,,,,,
Chameleon+,,,,,,,,,,
Charlie,,,,,,,,,,
Charlotte,,,,,,,,,,
Chateau,,,,,,,,,,
Chatham,,,,,,,,,,
Chelicera,,,,,,,,,,
Cheops,,,,,,,,,,
Cheops Pyramid,,,,,,,,,,
Chequers,,,,,,,,,,
Chess Solitaire,,,,,,,,,,
Chessboard,,,,,,,,,,
Chessboard Two Suits,,,,,,,,,,
Chester Game,,,,,,,,,,
Chinaman,,,,,,,,,,
Chinese,,,,,,,,,,
Chinese Discipline,,,,,,,,,,
Chinese FreeCell,,,,,,,,,,
Chinese Klondike,,,,,,,,,,
Chinese Patience,,,,,,,,,,
Chinese Solitaire,,,,,,,,,,
Chinese Spider,,,,,,,,,,
Chinese Torture,,,,,,,,,,
Chinese Trigon,,,,,,,,,,
Choir,,,,,,,,,,
Chord,,,,,,,,,,
Cicely,,,,,,,,,,
Circle Eight,,,,,,,,,,
Circle Nine,,,,,,,,,,
Citadel,,,,,,,,,,
Class Day,,,,,,,,,,
Classic Bisley,,,,,,,,,,
Classic Carlton,,,,,,,,,,
Cleopatra,,,,,,,,,,
Climb the Hill,,,,,,,,,,
Clock,,,,,,,,,,
Clock Patience,,,,,,,,,,
Clock Patience/Clock Solitaire,,,,,,,,,,
Clockwise,,,,,,,,,,
Cloud Nine,,,,,,,,,,
Clover Leaf,,,,,,,,,,
Club,,,,,,,,,,
Cobweb,,,,,,,,,,
Coeur Patience,,,,,,,,,,
Coeur Patience Two Decks,,,,,,,,,,
Coleopter,,,,,,,,,,
Colonel,,,,,,,,,,
Colorado,,,,,,,,,,
Colors,,,,,,,,,,
Colours,,,,,,,,,,
ColumnJack,,,,,,,,,,
Compass,,,,,,,,,,
Complicated,,,,,,,,,,
Concentration,,,,,,,,,,
Concert,,,,,,,,,,
Cone,,,,,,,,,,
Confusion,,,,,,,,,,
Congress,,,,,,,,,,
Connections,,,,,,,,,,
Constantine,,,,,,,,,,
Constellation,,,,,,,,,,
Constitution,,,,,,,,,,
Constructor,,,,,,,,,,
Contradance,,,,,,,,,,
Contradence,,,,,,,,,,
Coppermine,,,,,,,,,,
Core Cell,,,,,,,,,,
Cormorant,,,,,,,,,,
Cornelius,,,,,,,,,,
Corner Card,,,,,,,,,,
Corner Patience,,,,,,,,,,
Corner Stones,,,,,,,,,,
Corner Suite,,,,,,,,,,
Corners,,,,,,,,,,
Cornfield,,,,,,,,,,
Corona,,,,,,,,,,
Corona (Aces and Kings),,,,,,,,,,
Corona Rush,,,,,,,,,,
Coronation,,,,,,,,,,
Cory's Game,,,,,,,,,,
Cotillion,,,,,,,,,,
Cotswold,,,,,,,,,,
Cottage,,,,,,,,,,
Council of Trent,,,,,,,,,,
Countess,,,,,,,,,,
Counting,,,,,,,,,,
Couples,,,,,,,,,,
Court of Law,,,,,,,,,,
Courtyard,,,,,,,,,,
Cousin Fred,,,,,,,,,,
Cover,,,,,,,,,,
Cover Up,,,,,,,,,,
Covered Gems,,,,,,,,,,
Coyote,,,,,,,,,,
Crapette,,,,,,,,,,
Crapette+,,,,,,,,,,
Crawdad,,,,,,,,,,
Crazy Quilt,,,,,,,,,,
Crazy Quilt Solitaire,,,,,,,,,,
Creepy Crawly,,,,,,,,,,
Crescent,,,,,,,,,,
Crescent Fan,,,,,,,,,,
Crescent Four,,,,,,,,,,
Crescent Four Decks,,,,,,,,,,
Cribbage Solitaire,,,,,,,,,,
Cribbage Square,,,,,,,,,,
Cribbage Square (Open),,,,,,,,,,
Cribbage Square Solitaire,,,,,,,,,,
Cribbage Squares,,,,,,,,,,
Cricket,,,,,,,,,,
Crimean Solitaire,,,,,,,,,,
Criss Cross,,,,,,,,,,
Criss-Cross,,,,,,,,,,
Cromwell,,,,,,,,,,
Crossroads,,,,,,,,,,
Crossword,,,,,,,,,,
Crossword (Easy),,,,,,,,,,
Crown,,,,,,,,,,
Cruel,,,,,,,,,,
Cruel Solitaire,,,,,,,,,,
Cubical,,,,,,,,,,
Cup of Kindness,,,,,,,,,,
Curds and Whey,,,,,,,,,,
Cuttyhunk,,,,,,,,,,
Cymbeline,,,,,,,,,,
Czarina,,,,,,,,,,
Daddy Long Legs,,,,,,,,,,
Daedalus,,,,,,,,,,
Daffodil,,,,,,,,,,
Daniel,,,,,,,,,,
Daphne,,,,,,,,,,
Dark Pyramid,,,,,,,,,,
Dartmouth,,,,,,,,,,
Darwin,,,,,,,,,,
David Crockett,,,,,,,,,,
Dawson,,,,,,,,,,
Dead King Golf,,,,,,,,,,
Dealer's Dozen,,,,,,,,,,
Deauville,,,,,,,,,,
Decade,,,,,,,,,,
Decade Easy,,,,,,,,,,
Deck,,,,,,,,,,
Demon,,,,,,,,,,
Demon Fan,,,,,,,,,,
Demon Patience,,,,,,,,,,
Demons and Thieves,,,,,,,,,,
Demons Rush,,,,,,,,,,
Demonthief,,,,,,,,,,
Depot,,,,,,,,,,
Desire,,,,,,,,,,
Destiny,,,,,,,,,,
Deuces,,,,,,,,,,
Deuces and Queens,,,,,,,,,,
Deuces Up,,,,,,,,,,
Devil's Bridge,,,,,,,,,,
Devil's Grip,,,,,,,,,,
Devil's Own,,,,,,,,,,
Devil's Yukon,,,,,,,,,,
Dewey's Victory,,,,,,,,,,
Dial,,,,,,,,,,
Dial Harder,,,,,,,,,,
Diamond,,,,,,,,,,
Diamond Mine,,,,,,,,,,
Diamond Rush,,,,,,,,,,
Diavolo,,,,,,,,,,
Die Koenigsbergerin,,,,,,,,,,
Dieppe,,,,,,,,,,
Different Left,,,,,,,,,,
Difficult Sequence,,,,,,,,,,
Diffusion,,,,,,,,,,
Dimes,,,,,,,,,,
Diminishing Reserves,,,,,,,,,,
Dinner Mint,,,,,,,,,,
Diplomat,,,,,,,,,,
Display,,,,,,,,,,
Divorce,,,,,,,,,,
Dnieper,,,,,,,,,,
Dogs to the Basket,,,,,,,,,,
Dominion,,,,,,,,,,
Don Quixote,,,,,,,,,,
Donjon,,,,,,,,,,
Doorway,,,,,,,,,,
Doorways,,,,,,,,,,
Dorothy,,,,,,,,,,
Double Aces and Kings,,,,,,,,,,
Double Acme,,,,,,,,,,
Double Acquaintance,,,,,,,,,,
Double Alaska,,,,,,,,,,
Double Australian,,,,,,,,,,
Double Australian Patience,,,,,,,,,,
Double Baroness,,,,,,,,,,
Double Bisley,,,,,,,,,,
Double Canfield,,,,,,,,,,
Double Canfield (Relaxed),,,,,,,,,,
Double Canfield 40,,,,,,,,,,
Double Canfield II,,,,,,,,,,
Double Demon,,,,,,,,,,
Double Dot,,,,,,,,,,
Double Duke,,,,,,,,,,
Double Easthaven,,,,,,,,,,
Double Eight Off,,,,,,,,,,
Double Fives,,,,,,,,,,
Double Fortress,,,,,,,,,,
Double Fourteens,,,,,,,,,,
Double FreeCell,,,,,,,,,,
Double Gold Rush,,,,,,,,,,
Double Golf,,,,,,,,,,
Double Grasshopper,,,,,,,,,,
Double Jane,,,,,,,,,,
Double Jump,,,,,,,,,,
Double Kingsley,,,,,,,,,,
Double Klondike,,,,,,,,,,
Double Klondike (Gargantua),,,,,,,,,,
Double Klondike by Threes,,,,,,,,,,
Double Klondike+,,,,,,,,,,
Double Lane,,,,,,,,,,
Double Limited,,,,,,,,,,
Double Line,,,,,,,,,,
Double Minerva,,,,,,,,,,
Double Moosehide,,,,,,,,,,
Double Nestor,,,,,,,,,,
Double Nickels,,,,,,,,,,
Double Opportunity,,,,,,,,,,
Double or Nothing,,,,,,,,,,
Double or Quits,,,,,,,,,,
Double Putt,,,,,,,,,,
Double Pyramid,,,,,,,,,,
Double Queenie,,,,,,,,,,
Double Rail,,,,,,,,,,
Double Rotation,,,,,,,,,,
Double Russian,,,,,,,,,,
Double Russian Solitaire,,,,,,,,,,
Double Scorpion,,,,,,,,,,
Double Sea Towers,,,,,,,,,,
Double Seahaven,,,,,,,,,,
Double SeaTowers,,,,,,,,,,
Double Signora,,,,,,,,,,
Double Simon,,,,,,,,,,
Double Solitaire,,,,,,,,,,
Double Solitaire+,,,,,,,,,,
Double Spidike,,,,,,,,,,
Double Stonewall,,,,,,,,,,
Double Storehouse,,,,,,,,,,
Double Toad,,,,,,,,,,
Double Topsy-Turvy Queens,,,,,,,,,,
Double Tower of Hanoi,,,,,,,,,,
Double Trigon,,,,,,,,,,
Double Vertical,,,,,,,,,,
Double Your Fun,,,,,,,,,,
Double Yukon,,,,,,,,,,
Doublet,,,,,,,,,,
Doublet Cell,,,,,,,,,,
Doublets,,,,,,,,,,
Doubt,,,,,,,,,,
Doubtful Pairs,,,,,,,,,,
Dover,,,,,,,,,,
Downhill,,,,,,,,,,
Downing Street,,,,,,,,,,
Dragon,,,,,,,,,,
Dragonfly,,,,,,,,,,
Dreamer,,,,,,,,,,
Dress Parade,,,,,,,,,,
Duchess,,,,,,,,,,
Duchess de Luynes,,,,,,,,,,
Duchess de Luynes Four Decks,,,,,,,,,,
Duchess of Luynes,,,,,,,,,,
Duke,,,,,,,,,,
Duke Two Decks,,,,,,,,,,
Dumfries,,,,,,,,,,
Dusk,,,,,,,,,,
Dutch Blitz,,,,,,,,,,
Dutch Blitz+,,,,,,,,,,
Dutch Solitaire,,,,,,,,,,
Dutch Windmill,,,,,,,,,,
Dutchess,,,,,,,,,,
Dutchess (Relaxed),,,,,,,,,,
Eagle Wing,,,,,,,,,,
Eagle Wing Easy,,,,,,,,,,
East Haven,,,,,,,,,,
Eastcliff,,,,,,,,,,
Easthaven,,,,,,,,,,
Easthaven Two Deck,,,,,,,,,,
Easy Diavolo,,,,,,,,,,
Easy Eighteens,,,,,,,,,,
Easy Street,,,,,,,,,,
Eclipse,,,,,,,,,,
Edelweiss,,,,,,,,,,
Egyptian Pyramid,,,,,,,,,,
Egyptian Pyramids,,,,,,,,,,
Eiffel Tower,,,,,,,,,,
Eight Away,,,,,,,,,,
Eight By Eight,,,,,,,,,,
Eight by Five,,,,,,,,,,
Eight By Thirteen,,,,,,,,,,
Eight Cards,,,,,,,,,,
Eight Knights,,,,,,,,,,
Eight Mighty Monarchs,,,,,,,,,,
Eight Off,,,,,,,,,,
Eight Off (Relaxed),,,,,,,,,,
Eight Off Build and Play,,,,,,,,,,
Eight Off Solitaire,,,,,,,,,,
Eight On,,,,,,,,,,
Eight Sages,,,,,,,,,,
Eight Sphinxes,,,,,,,,,,
Eight Times Eight,,,,,,,,,,
Eighteens,,,,,,,,,,
Eights Down,,,,,,,,,,
Eighty Thieves,,,,,,,,,,
Eighty-Six,,,,,,,,,,
Elba,,,,,,,,,,
Eleanor's Solitaire,,,,,,,,,,
Elegance,,,,,,,,,,
Elevator,,,,,,,,,,
Eleven,,,,,,,,,,
Eleven Triangle,,,,,,,,,,
Eleven Up,,,,,,,,,,
Elevens,,,,,,,,,,
Eleventh Heaven,,,,,,,,,,
Eliminator,,,,,,,,,,
Elisabeth,,,,,,,,,,
Elizabeth,,,,,,,,,,
Elizabeth Two Decks,,,,,,,,,,
Elma,,,,,,,,,,
Emperor,,,,,,,,,,
Emperor of Germany,,,,,,,,,,
Emperor Penguin,,,,,,,,,,
Emperor+,,,,,,,,,,
Empire,,,,,,,,,,
Empire Spider,,,,,,,,,,
Emporer,,,,,,,,,,
Emporer of Germany,,,,,,,,,,
Empress,,,,,,,,,,
Empress of Italy,,,,,,,,,,
Endeavor,,,,,,,,,,
Endless Harp,,,,,,,,,,
Endurance,,,,,,,,,,
Engineer,,,,,,,,,,
Ensemble,,,,,,,,,,
Ephemeral FreeCell,,,,,,,,,,
Equilateral,,,,,,,,,,
Equinox,,,,,,,,,,
Escalator,,,,,,,,,,
Esmerelda,,,,,,,,,,
Eternal Triangle,,,,,,,,,,
Even and Odd,,,,,,,,,,
Even Steven,,,,,,,,,,
Even Up,,,,,,,,,,
Everest,,,,,,,,,,
Excalibur,,,,,,,,,,
Exchange,,,,,,,,,,
Excuse,,,,,,,,,,
Exiled Kings,,,,,,,,,,
Exit,,,,,,,,,,
F'y,,,,,,,,,,
Face Walk,,,,,,,,,,
Faerie Queen,,,,,,,,,,
Faerie Solitaire,,,,,,,,,,
Fair Lucy,,,,,,,,,,
Fair Maids,,,,,,,,,,
Fair Market,,,,,,,,,,
Fairway,,,,,,,,,,
Falling Star,,,,,,,,,,
Family Plot,,,,,,,,,,
Famous Fifty,,,,,,,,,,
Fan,,,,,,,,,,
Fan Albert,,,,,,,,,,
Fan Easy,,,,,,,,,,
Fan Two Decks,,,,,,,,,,
Fanfare,,,,,,,,,,
Fanny,,,,,,,,,,
Fanny+,,,,,,,,,,
Fantasy,,,,,,,,,,
Farmer's Wife,,,,,,,,,,
Fascination,,,,,,,,,,
Fascination (Canfield),,,,,,,,,,
Fascination (Klondike Familiar),,,,,,,,,,
Fascination Fan,,,,,,,,,,
Fascination Garden,,,,,,,,,,
Fastness,,,,,,,,,,
Fata Morgana,,,,,,,,,,
Father,,,,,,,,,,
Favorite,,,,,,,,,,
Feisty Fifteens,,,,,,,,,,
Felicity,,,,,,,,,,
Ferris Wheel,,,,,,,,,,
Fifteen,,,,,,,,,,
Fifteen Havoc,,,,,,,,,,
Fifteen in a Row,,,,,,,,,,
Fifteen Peaks,,,,,,,,,,
Fifteen plus,,,,,,,,,,
Fifteen Puzzle,,,,,,,,,,
Fifteen Puzzle Cell,,,,,,,,,,
Fifteen Rush,,,,,,,,,,
Fifteen to Win,,,,,,,,,,
Fifteens,,,,,,,,,,
Fifteens Suit,,,,,,,,,,
Fifth Avenue,,,,,,,,,,
Fifty,,,,,,,,,,
Fifty Bandits,,,,,,,,,,
Fifty Fifty,,,,,,,,,,
Figure Eight,,,,,,,,,,
Figures,,,,,,,,,,
Fil Rouge,,,,,,,,,,
Final Battle,,,,,,,,,,
Financier,,,,,,,,,,
Find It,,,,,,,,,,
Finesse,,,,,,,,,,
Finnish Solitaire,,,,,,,,,,
Fireplace,,,,,,,,,,
Firing Squad,,,,,,,,,,
Firing Squad (Aces High),,,,,,,,,,
First and Last,,,,,,,,,,
First Law,,,,,,,,,,
First of May,,,,,,,,,,
Fission,,,,,,,,,,
Five Aces,,,,,,,,,,
Five and Diamond,,,,,,,,,,
Five and Ten,,,,,,,,,,
Five Brothers,,,,,,,,,,
Five by Five,,,,,,,,,,
Five Companions,,,,,,,,,,
Five Little Guys,,,,,,,,,,
Five Piles,,,,,,,,,,
Five Pirates,,,,,,,,,,
Five Stacks,,,,,,,,,,
Fives,,,,,,,,,,
Flashback,,,,,,,,,,
Flea Market,,,,,,,,,,
Flip Flop,,,,,,,,,,
Flipper,,,,,,,,,,
Floradora,,,,,,,,,,
Florentine,,,,,,,,,,
Florentine Patience,,,,,,,,,,
Florentine Solitaire,,,,,,,,,,
Flow,,,,,,,,,,
Flower Bed,,,,,,,,,,
Flower Garden,,,,,,,,,,
Flower Garden Player Decision,,,,,,,,,,
Flower Garden Reversed,,,,,,,,,,
Flower Garden Solitaire,,,,,,,,,,
Flower Garden Two Decks,,,,,,,,,,
Fly,,,,,,,,,,
Follow the King,,,,,,,,,,
Following,,,,,,,,,,
Following Two Decks,,,,,,,,,,
Footbridge,,,,,,,,,,
Forcecell,,,,,,,,,,
ForeCell,,,,,,,,,,
Forest Glade,,,,,,,,,,
Forest House,,,,,,,,,,
Forget-Me-Not,,,,,,,,,,
Forsythia,,,,,,,,,,
Fort,,,,,,,,,,
Fortitude,,,,,,,,,,
Fortnight,,,,,,,,,,
Fortress,,,,,,,,,,
Fortress Moat,,,,,,,,,,
Fortress of Mercy,,,,,,,,,,
Fortune's Favor,,,,,,,,,,
Fortunes,,,,,,,,,,
Fortunes Favor,,,,,,,,,,
Forty and Eight,,,,,,,,,,
Forty and Eight Easy,,,,,,,,,,
Forty Bandits,,,,,,,,,,
Forty Buccaneers,,,,,,,,,,
Forty Devils,,,,,,,,,,
Forty Eight and Cells,,,,,,,,,,
Forty Eight Thieves,,,,,,,,,,
Forty Four Thieves,,,,,,,,,,
Forty Nine,,,,,,,,,,
Forty Pirates,,,,,,,,,,
Forty Thieves,,,,,,,,,,
Forty Thieves (3 deck),,,,,,,,,,
Forty Thieves (4 deck),,,,,,,,,,
Forty Thieves Build and Play,,,,,,,,,,
Forty Thieves Easy,,,,,,,,,,
Forty Thieves Four Decks,,,,,,,,,,
Forty Thieves Player Decision,,,,,,,,,,
Forty Thieves Reversed,,,,,,,,,,
Forty Thieves Solitaire,,,,,,,,,,
Forty Thieves Three Decks,,,,,,,,,,
Forty Winks,,,,,,,,,,
Forty-Nine,,,,,,,,,,
Forwards,,,,,,,,,,
Forwards and Backwards,,,,,,,,,,
Four by Five,,,,,,,,,,
Four by Four,,,,,,,,,,
Four by Four Two Decks,,,,,,,,,,
Four by Ten,,,,,,,,,,
Four Captives,,,,,,,,,,
Four Colors,,,,,,,,,,
Four Colours,,,,,,,,,,
Four Corners,,,,,,,,,,
Four Deck Canfield,,,,,,,,,,
Four Deck Klondike,,,,,,,,,,
Four Deck Scorpion,,,,,,,,,,
Four Deck Spider,,,,,,,,,,
Four Deck Spider One Suit,,,,,,,,,,
Four Deck Spider Two Suit,,,,,,,,,,
Four Directions,,,,,,,,,,
Four Intruders,,,,,,,,,,
Four Kings,,,,,,,,,,
Four Leaf Clovers,,,,,,,,,,
Four Lines,,,,,,,,,,
Four of a Kind,,,,,,,,,,
Four Packages,,,,,,,,,,
Four Packs,,,,,,,,,,
Four Pegs,,,,,,,,,,
Four Seasons,,,,,,,,,,
Four Seasons Two Decks,,,,,,,,,,
Four Sovereigns,,,,,,,,,,
Four Square,,,,,,,,,,
Four Stacks,,,,,,,,,,
Four Sums,,,,,,,,,,
Four Ways,,,,,,,,,,
Four Weddings,,,,,,,,,,
Four Winds,,,,,,,,,,
Fourfold Canfield,,,,,,,,,,
Fourfold Klondike,,,,,,,,,,
Fourfold Scorpion,,,,,,,,,,
Fourfold Yukon,,,,,,,,,,
Fours a Crowd,,,,,,,,,,
Fours Up,,,,,,,,,,
Foursome,,,,,,,,,,
Fourteen,,,,,,,,,,
Fourteen Demons,,,,,,,,,,
Fourteen Out,,,,,,,,,,
Fourteen Peaks,,,,,,,,,,
Fourteen Puzzle,,,,,,,,,,
Fourteen Up,,,,,,,,,,
Fourteens,,,,,,,,,,
Fourteens Again,,,,,,,,,,
FoxFire 13,,,,,,,,,,
Foxtrot,,,,,,,,,,
Frame,,,,,,,,,,
Franklin,,,,,,,,,,
Frayed Carpet,,,,,,,,,,
Fred's Four,,,,,,,,,,
Fred's Spider,,,,,,,,,,
Fred's Three,,,,,,,,,,
Free Cell,,,,,,,,,,
Free Cell Times Two,,,,,,,,,,
Free Fan,,,,,,,,,,
Free Fan Hard,,,,,,,,,,
Free Milligan,,,,,,,,,,
Free Napoleon,,,,,,,,,,
Free Parking,,,,,,,,,,
FreeCell,,,,,,,,,,
FreeCell Build and Play,,,,,,,,,,
FreeCell by Rank,,,,,,,,,,
FreeCell by Steps,,,,,,,,,,
FreeCell by Twos,,,,,,,,,,
FreeCell Duplex,,,,,,,,,,
FreeCell Four Deck,,,,,,,,,,
FreeCell Four Decks,,,,,,,,,,
Freecell Player Decision,,,,,,,,,,
FreeCell Reversed,,,,,,,,,,
Freecell Solitaire,,,,,,,,,,
FreeCell Thirteens,,,,,,,,,,
FreeCell Three Deck,,,,,,,,,,
FreeCell Three Decks,,,,,,,,,,
FreeCell Twice,,,,,,,,,,
FreeCell Two Decks,,,,,,,,,,
FreeFan,,,,,,,,,,
French Patience,,,,,,,,,,
French Revolution,,,,,,,,,,
French Solitaire,,,,,,,,,,
Friday,,,,,,,,,,
Friday the Thirteenth,,,,,,,,,,
Frog,,,,,,,,,,
Frog (Open),,,,,,,,,,
Front and Back,,,,,,,,,,
Front Porch,,,,,,,,,,
Frustrating Pairs,,,,,,,,,,
Frustration,,,,,,,,,,
Full Count,,,,,,,,,,
Full Parade,,,,,,,,,,
Galaxy,,,,,,,,,,
Gallery,,,,,,,,,,
Galloway,,,,,,,,,,
Game of Five,,,,,,,,,,
Gaps,,,,,,,,,,
Gaps Solitaire,,,,,,,,,,
Garden,,,,,,,,,,
Garden Gate,,,,,,,,,,
Garden of Eden,,,,,,,,,,
Gargantua,,,,,,,,,,
Gate,,,,,,,,,,
Gateway,,,,,,,,,,
Gavotte,,,,,,,,,,
Gay Gordons,,,,,,,,,,
Gemini,,,,,,,,,,
General's Patience,,,,,,,,,,
General's Retreat,,,,,,,,,,
Genie,,,,,,,,,,
Geoffrey,,,,,,,,,,
Germaine,,,,,,,,,,
Germaine 2-Move,,,,,,,,,,
German,,,,,,,,,,
German Clock,,,,,,,,,,
German Cross,,,,,,,,,,
German FreeCell,,,,,,,,,,
German Patience,,,,,,,,,,
German Patience (Relaxed),,,,,,,,,,
German Patience Three Decks,,,,,,,,,,
Gettysburg,,,,,,,,,,
Ghibli,,,,,,,,,,
Giant,,,,,,,,,,
Giant II,,,,,,,,,,
Giantess,,,,,,,,,,
Gigantic Spider,,,,,,,,,,
Gila Monster,,,,,,,,,,
Gilbert,,,,,,,,,,
Give and Take,,,,,,,,,,
Giza,,,,,,,,,,
Glacier,,,,,,,,,,
Glamour,,,,,,,,,,
Glencoe,,,,,,,,,,
Glenwood,,,,,,,,,,
Gloucestershire,,,,,,,,,,
Gnat,,,,,,,,,,
Going On Seventeen,,,,,,,,,,
Gold Mine,,,,,,,,,,
Gold Rush,,,,,,,,,,
Golden,,,,,,,,,,
Goldfield,,,,,,,,,,
Golf,,,,,,,,,,
Golf A-K,,,,,,,,,,
Golf A-K Two Decks,,,,,,,,,,
Golf Pyramids,,,,,,,,,,
Golf Rush,,,,,,,,,,
Golf Solitaire,,,,,,,,,,
Good Measure,,,,,,,,,,
Good Measure (Baker's Dozen),,,,,,,,,,
Good Measure Two Decks,,,,,,,,,,
Good Queen Bess,,,,,,,,,,
Good Thirteen,,,,,,,,,,
Good Times,,,,,,,,,,
Gotham,,,,,,,,,,
Gothic Castle,,,,,,,,,,
Gradations,,,,,,,,,,
Grampus,,,,,,,,,,
Granada,,,,,,,,,,
Grand Canyon,,,,,,,,,,
Grand Duchess,,,,,,,,,,
Grand Piano,,,,,,,,,,
Grandfather,,,,,,,,,,
Grandfather's Clock,,,,,,,,,,
Grandfather's Patience,,,,,,,,,,
Grandma Sawyer's Game,,,,,,,,,,
Grandma's Game,,,,,,,,,,
Grandmamas Patience,,,,,,,,,,
Grandmamma's,,,,,,,,,,
Grandmamma's Patience,,,,,,,,,,
Grandmather,,,,,,,,,,
Grandmother,,,,,,,,,,
Grandmother Patricia,,,,,,,,,,
Grandmother's,,,,,,,,,,
Grandmother's Game,,,,,,,,,,
Grandmother's Patience,,,,,,,,,,
Granny's Patience,,,,,,,,,,
Grant's Reinforcement,,,,,,,,,,
Grasshopper,,,,,,,,,,
Gray Tabby,,,,,,,,,,
Great Bear,,,,,,,,,,
Great Hall,,,,,,,,,,
Great Pyramid,,,,,,,,,,
Great River,,,,,,,,,,
Great Triangle,,,,,,,,,,
Great Wall,,,,,,,,,,
Great Wheel,,,,,,,,,,
Greater Wheel,,,,,,,,,,
Griffon,,,,,,,,,,
Grigory,,,,,,,,,,
Ground for Divorce,,,,,,,,,,
Grounds for a Divorce,,,,,,,,,,
Grounds For Divorce,,,,,,,,,,
Guard of Honour,,,,,,,,,,
Guards Collar,,,,,,,,,,
Guildford,,,,,,,,,,
Guillotine,,,,,,,,,,
Gulliver,,,,,,,,,,
Gypsy,,,,,,,,,,
Haden,,,,,,,,,,
Half and Half,,,,,,,,,,
HalfCell,,,,,,,,,,
Halifax,,,,,,,,,,
Halo Eight,,,,,,,,,,
Hamlet,,,,,,,,,,
Hamlet (Baker's Dozen),,,,,,,,,,
Hansel and Gretel,,,,,,,,,,
Hardcell,,,,,,,,,,
Harlequin,,,,,,,,,,
Harmony,,,,,,,,,,
Harp,,,,,,,,,,
Harp Rush,,,,,,,,,,
Havanaise,,,,,,,,,,
Hawaii,,,,,,,,,,
Hawaiian Solitaire,,,,,,,,,,
Hawk's Bill,,,,,,,,,,
Hayfield,,,,,,,,,,
Haystack,,,,,,,,,,
Heads And Tails,,,,,,,,,,
Heap,,,,,,,,,,
Hearts,,,,,,,,,,
Hellenistic Patience,,,,,,,,,,
Helsinki,,,,,,,,,,
Hemispheres,,,,,,,,,,
Hera,,,,,,,,,,
Heracles,,,,,,,,,,
Herb Garden,,,,,,,,,,
Herring-Bone,,,,,,,,,,
Herz zu Herz,,,,,,,,,,
Hex A Klon,,,,,,,,,,
Hidden Flower Garden,,,,,,,,,,
Hidden FreeCell,,,,,,,,,,
Hidden Treasures,,,,,,,,,,
Hide-and-Seek,,,,,,,,,,
High Peaks,,,,,,,,,,
Hit or Miss,,,,,,,,,,
Hit or Miss by Twos,,,,,,,,,,
Hodge Podge,,,,,,,,,,
Holes,,,,,,,,,,
Honey Suckle,,,,,,,,,,
Honeybees,,,,,,,,,,
Honors,,,,,,,,,,
Hop,,,,,,,,,,
Hopping Spider,,,,,,,,,,
Hopscotch,,,,,,,,,,
Horizon,,,,,,,,,,
Horizontal,,,,,,,,,,
Horloge,,,,,,,,,,
Horseshoe Crab,,,,,,,,,,
Hourglass,,,,,,,,,,
House in the Wood,,,,,,,,,,
House in the Woods,,,,,,,,,,
House of Commons,,,,,,,,,,
House of Lords,,,,,,,,,,
House on the Hill,,,,,,,,,,
Housefly,,,,,,,,,,
How They Run,,,,,,,,,,
Huge Spider,,,,,,,,,,
Huge Spider One Suit,,,,,,,,,,
Huge Spider Two Suits,,,,,,,,,,
Hypotenuse,,,,,,,,,,
Icarus,,,,,,,,,,
Icebreaker,,,,,,,,,,
Icehouse,,,,,,,,,,
Idiot's Delight,,,,,,,,,,
Idiot's Delight (Aces High),,,,,,,,,,
Idiot's Delight (King Albert),,,,,,,,,,
Idiot's Revenge,,,,,,,,,,
Idle Aces,,,,,,,,,,
Idle Year,,,,,,,,,,
Imaginary Thirteen,,,,,,,,,,
Impatience,,,,,,,,,,
Imperial,,,,,,,,,,
Imperial Guard,,,,,,,,,,
Imperial Guards,,,,,,,,,,
Imperial Trumps,,,,,,,,,,
In a Frame,,,,,,,,,,
Incompatibility,,,,,,,,,,
Indefatigable,,,,,,,,,,
Indian,,,,,,,,,,
Indian Carpet,,,,,,,,,,
Indian Patience,,,,,,,,,,
Indian Thirteen,,,,,,,,,,
Indian+,,,,,,,,,,
Indiona,,,,,,,,,,
Ingenuous,,,,,,,,,,
Inquisitor,,,,,,,,,,
Insane Klondike,,,,,,,,,,
Inside Out,,,,,,,,,,
Intelligence,,,,,,,,,,
Intensity,,,,,,,,,,
Intercell Solitaire,,,,,,,,,,
Interchange,,,,,,,,,,
Interchange Puzzle,,,,,,,,,,
Interment,,,,,,,,,,
Interregnum,,,,,,,,,,
Intersection,,,,,,,,,,
Intrigue,,,,,,,,,,
Invasion,,,,,,,,,,
Invert,,,,,,,,,,
Inverted Canfield,,,,,,,,,,
Inverted FreeCell,,,,,,,,,,
Irish Patience,,,,,,,,,,
Irish Solitaire,,,,,,,,,,
Irmgard,,,,,,,,,,
Isabel,,,,,,,,,,
Isabelle,,,,,,,,,,
Isosceles,,,,,,,,,,
It Follows,,,,,,,,,,
Jack Straws,,,,,,,,,,
Jackie,,,,,,,,,,
Jacks in Array,,,,,,,,,,
Jacks in the Box,,,,,,,,,,
Jacqueline,,,,,,,,,,
Jamestown,,,,,,,,,,
Jane,,,,,,,,,,
Janet's Bisley,,,,,,,,,,
Japanese Rug,,,,,,,,,,
Japanese Solitaire,,,,,,,,,,
Joker Forty Thieves,,,,,,,,,,
Joker FreeCell,,,,,,,,,,
Joker Golf A-K,,,,,,,,,,
Joker Haden,,,,,,,,,,
Joker Klondike,,,,,,,,,,
Joker Pyramid,,,,,,,,,,
Joker Russian Solitaire,,,,,,,,,,
Joker Scorpion,,,,,,,,,,
Joker Spider,,,,,,,,,,
Joker Yukon,,,,,,,,,,
Josephine,,,,,,,,,,
Journey,,,,,,,,,,
Jubilee,,,,,,,,,,
JumbleJack,,,,,,,,,,
Jumbo,,,,,,,,,,
Jumbo Klondike,,,,,,,,,,
Jumping Spider,,,,,,,,,,
Junction,,,,,,,,,,
Juse,,,,,,,,,,
Just for Fun,,,,,,,,,,
Just Right,,,,,,,,,,
Juvenile,,,,,,,,,,
K.C.,,,,,,,,,,
Kaiser Bill,,,,,,,,,,
Kansas,,,,,,,,,,
Kestrel,,,,,,,,,,
Kettle Hill,,,,,,,,,,
Khedive,,,,,,,,,,
Khufu,,,,,,,,,,
Kiev,,,,,,,,,,
Kimberly,,,,,,,,,,
King Albert,,,,,,,,,,
King and Queen,,,,,,,,,,
King Edward,,,,,,,,,,
King of Egypt,,,,,,,,,,
King of Italy,,,,,,,,,,
King of Macedon,,,,,,,,,,
King of Scotland,,,,,,,,,,
King Solomon's Cave,,,,,,,,,,
King Tut,,,,,,,,,,
King's Audience,,,,,,,,,,
King's Cross,,,,,,,,,,
King's Peak,,,,,,,,,,
King's Plume,,,,,,,,,,
King's Secrets,,,,,,,,,,
King's Way,,,,,,,,,,
KingCell,,,,,,,,,,
Kingdom,,,,,,,,,,
Kingdom Three Decks,,,,,,,,,,
Kings,,,,,,,,,,
Kings and Aces,,,,,,,,,,
Kings and Aces II,,,,,,,,,,
Kings and Queens,,,,,,,,,,
Kings Audience,,,,,,,,,,
Kings Corners,,,,,,,,,,
Kings in the Corner,,,,,,,,,,
Kings in the Corners,,,,,,,,,,
Kings Up,,,,,,,,,,
Kings' Parade,,,,,,,,,,
Kings' Way,,,,,,,,,,
Kingsdown Eights,,,,,,,,,,
Kingsley,,,,,,,,,,
Kleine Napoleon,,,,,,,,,,
Klider,,,,,,,,,,
Klonder,,,,,,,,,,
Klondfield,,,,,,,,,,
Klondike,,,,,,,,,,
Klondike - by threes,,,,,,,,,,
Klondike (Canfield),,,,,,,,,,
Klondike (Flip-1),,,,,,,,,,
Klondike (Flip-3),,,,,,,,,,
Klondike (Gallery Mode),,,,,,,,,,
Klondike (Turn 3),,,,,,,,,,
Klondike 13,,,,,,,,,,
Klondike by Rank,,,,,,,,,,
Klondike by Threes,,,,,,,,,,
Klondike by Threes One Suit,,,,,,,,,,
Klondike Deal 1,,,,,,,,,,
Klondike Deal 2,,,,,,,,,,
Klondike Deal 3,,,,,,,,,,
Klondike Easy,,,,,,,,,,
Klondike Familiar,,,,,,,,,,
Klondike Four Decks,,,,,,,,,,
Klondike Garden,,,,,,,,,,
Klondike Holdout,,,,,,,,,,
Klondike II,,,,,,,,,,
Klondike II (turn one),,,,,,,,,,
Klondike Mini,,,,,,,,,,
Klondike Player Decision,,,,,,,,,,
Klondike Puzzle,,,,,,,,,,
Klondike Reversed,,,,,,,,,,
Klondike Solitaire,,,,,,,,,,
Klondike Solitaire (Turn 1),,,,,,,,,,
Klondike Strict,,,,,,,,,,
Klondike Territory,,,,,,,,,,
Klondike Three Decks,,,,,,,,,,
Klondike Twice,,,,,,,,,,
Klondike Two Deck,,,,,,,,,,
Klonfield,,,,,,,,,,
Knaves,,,,,,,,,,
Knaves' Dial,,,,,,,,,,
Knight Catch All,,,,,,,,,,
Knights and Dames,,,,,,,,,,
Knights Errant,,,,,,,,,,
Knights' Parade,,,,,,,,,,
Knitting Pairs,,,,,,,,,,
Knockout,,,,,,,,,,
Knotty Nines,,,,,,,,,,
Kooh-i-Noor,,,,,,,,,,
Kosynka,,,,,,,,,,
Kosynka II,,,,,,,,,,
Kyoto,,,,,,,,,,
La Belle Lucie,,,,,,,,,,
La Belle Lucie Player Decision,,,,,,,,,,
La Belle Lucie Player's Choice,,,,,,,,,,
La Belle Lucie Two Decks,,,,,,,,,,
La Belle Lucie Two Way,,,,,,,,,,
La Belle Lucie with a Draw,,,,,,,,,,
La Chatelaine,,,,,,,,,,
La Croix d'Honneur,,,,,,,,,,
La Grande Imperiale,,,,,,,,,,
La Grande Imperiale- Two way,,,,,,,,,,
La Nivernaise,,,,,,,,,,
La Parisienne,,,,,,,,,,
Labrador,,,,,,,,,,
Labyrinth,,,,,,,,,,
Ladder,,,,,,,,,,
Ladies Battle,,,,,,,,,,
Ladies' Battle,,,,,,,,,,
Lady Betty,,,,,,,,,,
Lady Cadogan,,,,,,,,,,
Lady Jane,,,,,,,,,,
Lady Marian,,,,,,,,,,
Lady of the Lake,,,,,,,,,,
Lady of the Manor,,,,,,,,,,
Lady Palk,,,,,,,,,,
Ladybug,,,,,,,,,,
Ladybug (solitaire),,,,,,,,,,
Lafayette,,,,,,,,,,
Laggard Lady,,,,,,,,,,
Lagoon,,,,,,,,,,
Lake Towers,,,,,,,,,,
Lake Victoria,,,,,,,,,,
Lancaster,,,,,,,,,,
Land Of Nod,,,,,,,,,,
Lanes,,,,,,,,,,
Lanes Two Decks,,,,,,,,,,
Lara's Game,,,,,,,,,,
Las Vegas Solitaire,,,,,,,,,,
Lasker,,,,,,,,,,
Lassie,,,,,,,,,,
Last Chance,,,,,,,,,,
Layers,,,,,,,,,,
Laying Siege,,,,,,,,,,
Lazy Susan,,,,,,,,,,
Leah,,,,,,,,,,
Leap Year,,,,,,,,,,
Leapfrog,,,,,,,,,,
Least Cells,,,,,,,,,,
Leave Only One (4x4),,,,,,,,,,
Leave Only One (5x5),,,,,,,,,,
Left Side Story,,,,,,,,,,
Legion,,,,,,,,,,
Legion Two Decks,,,,,,,,,,
Legitimist,,,,,,,,,,
Leicaster,,,,,,,,,,
Leon,,,,,,,,,,
Leoni's Own,,,,,,,,,,
Leprechaun,,,,,,,,,,
Les Quatre Coins,,,,,,,,,,
Less Cells,,,,,,,,,,
Letter A,,,,,,,,,,
Letter H,,,,,,,,,,
Letter T,,,,,,,,,,
Letter X,,,,,,,,,,
Lexington Harp,,,,,,,,,,
Lido of Venice,,,,,,,,,,
Light and Dark,,,,,,,,,,
Light and Shade,,,,,,,,,,
Lily,,,,,,,,,,
Limestone,,,,,,,,,,
Limited,,,,,,,,,,
Limited+,,,,,,,,,,
Limpet,,,,,,,,,,
Lincoln Greens,,,,,,,,,,
Line Up,,,,,,,,,,
Links,,,,,,,,,,
Linus,,,,,,,,,,
Lions Gate,,,,,,,,,,
Little Billee,,,,,,,,,,
Little Billie,,,,,,,,,,
Little Forty,,,,,,,,,,
Little Gate,,,,,,,,,,
Little Giant,,,,,,,,,,
Little Milligan,,,,,,,,,,
Little Napolean,,,,,,,,,,
Little Napoleon,,,,,,,,,,
Little Napoleon II,,,,,,,,,,
Little Picture Gallery,,,,,,,,,,
Little Spider,,,,,,,,,,
Little Thieves,,,,,,,,,,
Little Thumb,,,,,,,,,,
Little Windmill,,,,,,,,,,
Locked Cards,,,,,,,,,,
Long Beach,,,,,,,,,,
Long Braid,,,,,,,,,,
Long Tail,,,,,,,,,,
Long Trip,,,,,,,,,,
Look of Fortune,,,,,,,,,,
Lookout,,,,,,,,,,
Loopy,,,,,,,,,,
Louis,,,,,,,,,,
Louisa,,,,,,,,,,
Love a Duck,,,,,,,,,,
Lovely Lucy,,,,,,,,,,
Lower 48,,,,,,,,,,
Lucas,,,,,,,,,,
Lucas Leaps,,,,,,,,,,
Luckier Thirteen,,,,,,,,,,
Lucky Clovers,,,,,,,,,,
Lucky Eight,,,,,,,,,,
Lucky Fan,,,,,,,,,,
Lucky Piles,,,,,,,,,,
Lucky Thirteen,,,,,,,,,,
Lullaby,,,,,,,,,,
Lunar,,,,,,,,,,
Lyre,,,,,,,,,,
Macadam,,,,,,,,,,
Macarena,,,,,,,,,,
Mackenzie,,,,,,,,,,
Madam,,,,,,,,,,
Madame,,,,,,,,,,
Madame Butterfly,,,,,,,,,,
Madame Susan,,,,,,,,,,
Magic Carpet,,,,,,,,,,
Magnum,,,,,,,,,,
Magnus,,,,,,,,,,
Mahjong,,,,,,,,,,
Maine Coon,,,,,,,,,,
Malaren,,,,,,,,,,
Malmaison,,,,,,,,,,
Mamy Susan,,,,,,,,,,
Manila Bay,,,,,,,,,,
Mantis,,,,,,,,,,
Manx,,,,,,,,,,
Marco Polo,,,,,,,,,,
Marechal Saxe,,,,,,,,,,
Maria,,,,,,,,,,
Marie Rose,,,,,,,,,,
Marius,,,,,,,,,,
Marquis,,,,,,,,,,
Marriages,,,,,,,,,,
Marshal,,,,,,,,,,
Martha,,,,,,,,,,
Martha Solitaire,,,,,,,,,,
Martha+,,,,,,,,,,
Martin,,,,,,,,,,
Mary Stuart,,,,,,,,,,
Mary's Solitaire,,,,,,,,,,
Masked Twelve,,,,,,,,,,
Masque,,,,,,,,,,
Masquerade,,,,,,,,,,
Masterpiece,,,,,,,,,,
Match 'em (8x3),,,,,,,,,,
Match 'em (8x4),,,,,,,,,,
Match 'em (8x5),,,,,,,,,,
Match 'em (8x6),,,,,,,,,,
Mathematics,,,,,,,,,,
Matilda,,,,,,,,,,
Matriarchy,,,,,,,,,,
Matrimony,,,,,,,,,,
Maui Solitaire,,,,,,,,,,
Mayflower,,,,,,,,,,
Maze,,,,,,,,,,
McCarver,,,,,,,,,,
McClellan,,,,,,,,,,
Memo,,,,,,,,,,
Memory,,,,,,,,,,
Memory-Up (6x4 grid),,,,,,,,,,
Memory-Up (8x5 grid),,,,,,,,,,
Merlin,,,,,,,,,,
Merry Twos,,,,,,,,,,
Merry-Go-Round,,,,,,,,,,
Methuselah,,,,,,,,,,
Microbe,,,,,,,,,,
Middle Gate,,,,,,,,,,
Midnight Clover,,,,,,,,,,
Midnight Oil,,,,,,,,,,
Midnight Sun,,,,,,,,,,
Midshipman,,,,,,,,,,
Milady,,,,,,,,,,
Milk Spider,,,,,,,,,,
Milky Way,,,,,,,,,,
Millennium,,,,,,,,,,
Millie,,,,,,,,,,
Milligan Cell,,,,,,,,,,
Milligan Harp,,,,,,,,,,
Milligan Yukon,,,,,,,,,,
Milton,,,,,,,,,,
Mind Eraser,,,,,,,,,,
Miner's Gold,,,,,,,,,,
Minerva,,,,,,,,,,
Minerve,,,,,,,,,,
Mini Golf,,,,,,,,,,
Miniature Golf,,,,,,,,,,
Minuet,,,,,,,,,,
Minuet Two Decks,,,,,,,,,,
Mirror,,,,,,,,,,
Miss Brown,,,,,,,,,,
Miss Farley,,,,,,,,,,
Miss Milligan,,,,,,,,,,
Miss Milligan Easy,,,,,,,,,,
Miss Milligan Solitaire,,,,,,,,,,
Miss Muffet,,,,,,,,,,
Missing Link,,,,,,,,,,
Mississippi,,,,,,,,,,
Mister Franklin,,,,,,,,,,
Mite,,,,,,,,,,
Mitosis,,,,,,,,,,
Mixtures,,,,,,,,,,
Monaco,,,,,,,,,,
Monaco Solitaire,,,,,,,,,,
Monarch,,,,,,,,,,
Mondo Spider,,,,,,,,,,
Monomoy,,,,,,,,,,
Montana,,,,,,,,,,
Monte Carlo,,,,,,,,,,
Monte Carlo (5x4),,,,,,,,,,
Monte Carlo Build and Play,,,,,,,,,,
Monte Carlo by Suit,,,,,,,,,,
Monte Carlo II,,,,,,,,,,
Monte Carlo Thirteens,,,,,,,,,,
Montreal,,,,,,,,,,
Moojub,,,,,,,,,,
Moon River,,,,,,,,,,
Moosehide,,,,,,,,,,
More Klondike,,,,,,,,,,
Morehead,,,,,,,,,,
Morocco,,,,,,,,,,
Morphy,,,,,,,,,,
Morthwestterritory,,,,,,,,,,
Mosquito,,,,,,,,,,
Mount Logan,,,,,,,,,,
Mount Olympus,,,,,,,,,,
Mount Olympus Solitaire,,,,,,,,,,
Mount Sunflower,,,,,,,,,,
Mount Sunflower Easy,,,,,,,,,,
Move for the Goal,,,,,,,,,,
Moving Left,,,,,,,,,,
Mrs Lamminen,,,,,,,,,,
Mrs Mop,,,,,,,,,,
Mrs. Finn,,,,,,,,,,
Mrs. Four,,,,,,,,,,
Mrs. Milligan,,,,,,,,,,
Mrs. Mop,,,,,,,,,,
Mrs. Mop (One Suit),,,,,,,,,,
Mrs. Mop (Two Suits),,,,,,,,,,
Mumbai,,,,,,,,,,
Munger,,,,,,,,,,
Muse,,,,,,,,,,
Museum,,,,,,,,,,
Mutual Acquaintance,,,,,,,,,,
Mystique,,,,,,,,,,
Nantucket,,,,,,,,,,
Napoleaon,,,,,,,,,,
Napoleon,,,,,,,,,,
Napoleon At Elba Island,,,,,,,,,,
Napoleon at St Helena,,,,,,,,,,
Napoleon at St. Helena,,,,,,,,,,
Napoleon Leaves Moscow,,,,,,,,,,
Napoleon s Folly,,,,,,,,,,
Napoleon Takes Moscow,,,,,,,,,,
Napoleon the Great,,,,,,,,,,
Napoleon's Exile,,,,,,,,,,
Napoleon's Favorite,,,,,,,,,,
Napoleon's Flank,,,,,,,,,,
Napoleon's Quadrilateral,,,,,,,,,,
Napoleon's Retreat,,,,,,,,,,
Napoleon's Shoulder,,,,,,,,,,
Napoleon's Square,,,,,,,,,,
Napoleon's Tomb,,,,,,,,,,
Napoleon’s Exile,,,,,,,,,,
Narcotic,,,,,,,,,,
Nasty,,,,,,,,,,
Nationale,,,,,,,,,,
Nebula,,,,,,,,,,
Needle,,,,,,,,,,
Neighbor,,,,,,,,,,
Neighbour,,,,,,,,,,
Neptune,,,,,,,,,,
Nerts+,,,,,,,,,,
Nertz,,,,,,,,,,
Nertz+,,,,,,,,,,
Nestor,,,,,,,,,,
Nestor Two Decks,,,,,,,,,,
Nevada,,,,,,,,,,
Neverland,,,,,,,,,,
New British Constitution,,,,,,,,,,
New Fashioned,,,,,,,,,,
New Manner,,,,,,,,,,
New York,,,,,,,,,,
"New York, New York",,,,,,,,,,
New Zealand Patience,,,,,,,,,,
Newburyport,,,,,,,,,,
Newfoundland,,,,,,,,,,
Newton,,,,,,,,,,
Nile,,,,,,,,,,
Nine Across,,,,,,,,,,
Nine by Five,,,,,,,,,,
Nine by Four,,,,,,,,,,
Nine by Two,,,,,,,,,,
Nine To Five,,,,,,,,,,
Nines,,,,,,,,,,
Ninety-Nine,,,,,,,,,,
Ninety-One,,,,,,,,,,
Ninny,,,,,,,,,,
Niqht Golf,,,,,,,,,,
Nivernaise,,,,,,,,,,
Nivernaise (La Nivernaise),,,,,,,,,,
Nomad,,,,,,,,,,
Nordic,,,,,,,,,,
Nordic Solitaire,,,,,,,,,,
Normandy,,,,,,,,,,
Northwest Territory,,,,,,,,,,
Norwegian Patience,,,,,,,,,,
Number Fourteen,,,,,,,,,,
Number Ten,,,,,,,,,,
Numeration,,,,,,,,,,
Numerica,,,,,,,,,,
Numidia,,,,,,,,,,
Nunavut,,,,,,,,,,
Oasis,,,,,,,,,,
Obelisk,,,,,,,,,,
Obstacle Race,,,,,,,,,,
Obstacle Race II,,,,,,,,,,
Octagon,,,,,,,,,,
Octave,,,,,,,,,,
Octopus,,,,,,,,,,
Octuple Klondike,,,,,,,,,,
Odd and Even,,,,,,,,,,
Odessa,,,,,,,,,,
Ogunquit,,,,,,,,,,
Old Arch,,,,,,,,,,
Old Calculation,,,,,,,,,,
Old Carlton,,,,,,,,,,
Old Crow,,,,,,,,,,
Old Fashioned,,,,,,,,,,
Old Friend,,,,,,,,,,
Old Mole,,,,,,,,,,
Old Moon,,,,,,,,,,
Old Patience,,,,,,,,,,
One Cell,,,,,,,,,,
One Eyed Scorpion,,,,,,,,,,
One Eyed Spider,,,,,,,,,,
One or Thirteen,,,,,,,,,,
One Pack,,,,,,,,,,
One-Handed Solitaire,,,,,,,,,,
One234,,,,,,,,,,
Only-One-Left (5x5 square) Puzzle,,,,,,,,,,
Only-One-Left(4x4 square) Puzzle,,,,,,,,,,
Open Crescent,,,,,,,,,,
Open Doublets,,,,,,,,,,
Open Peek,,,,,,,,,,
Open Peek Cell,,,,,,,,,,
Open Scorpion,,,,,,,,,,
Open Spider,,,,,,,,,,
Open Start,,,,,,,,,,
Open Start Two Decks,,,,,,,,,,
Open Yukon,,,,,,,,,,
Opus,,,,,,,,,,
Orb Nine,,,,,,,,,,
Orbiter,,,,,,,,,,
Order Time,,,,,,,,,,
Orwell,,,,,,,,,,
Oscillation,,,,,,,,,,
Osmosis,,,,,,,,,,
Osmosis Deal 3,,,,,,,,,,
Osmosis Solitaire,,,,,,,,,,
Osmotic Cell,,,,,,,,,,
Osmotic Klondike,,,,,,,,,,
Othello,,,,,,,,,,
Ottawa,,,,,,,,,,
Outback,,,,,,,,,,
Outback Patience,,,,,,,,,,
Overage,,,,,,,,,,
Overpass,,,,,,,,,,
Ozymandias,,,,,,,,,,
Pack of Thieves,,,,,,,,,,
Päckchen,,,,,,,,,,
Paganini,,,,,,,,,,
Pagat,,,,,,,,,,
Pairs,,,,,,,,,,
Palace,,,,,,,,,,
Palatine Hill,,,,,,,,,,
Paloma,,,,,,,,,,
Pantagruel,,,,,,,,,,
Panther Creek,,,,,,,,,,
Par 3,,,,,,,,,,
Parade,,,,,,,,,,
Parallels,,,,,,,,,,
Parisienne,,,,,,,,,,
"Parisienne (La Parisienne, Parisian)",,,,,,,,,,
Park and Ride,,,,,,,,,,
Parliament,,,,,,,,,,
Parquet,,,,,,,,,,
Parterre,,,,,,,,,,
Parthenon,,,,,,,,,,
Pas de Deux,,,,,,,,,,
Pas Seul,,,,,,,,,,
Passengers,,,,,,,,,,
Patience,,,,,,,,,,
Patience (Auld Lang Syne),,,,,,,,,,
Patience's Reward,,,,,,,,,,
Patience's Royal,,,,,,,,,,
PatienceMax,,,,,,,,,,
Patient Pairs,,,,,,,,,,
Patriarchs,,,,,,,,,,
Payday,,,,,,,,,,
Peacock,,,,,,,,,,
Peacock Tail,,,,,,,,,,
Peanuts,,,,,,,,,,
Peek,,,,,,,,,,
Peek II,,,,,,,,,,
Peeking Thieves,,,,,,,,,,
Peg Solitaire English Board,,,,,,,,,,
Peg Star Solitaire,,,,,,,,,,
Pegasus,,,,,,,,,,
Pegged,,,,,,,,,,
Pelican,,,,,,,,,,
Pelmanism,,,,,,,,,,
Penelope,,,,,,,,,,
Penelope s Web,,,,,,,,,,
Penelope's Web,,,,,,,,,,
Penguin,,,,,,,,,,
Penguin Solitaire,,,,,,,,,,
Penquin,,,,,,,,,,
Penta,,,,,,,,,,
Pentsexta,,,,,,,,,,
Peony,,,,,,,,,,
People's Game,,,,,,,,,,
Peppy,,,,,,,,,,
Perpetual Motion,,,,,,,,,,
Perseverance,,,,,,,,,,
Perseverance A,,,,,,,,,,
Perseverance B,,,,,,,,,,
Persian Carpet,,,,,,,,,,
Persian Patience,,,,,,,,,,
Persian Rug,,,,,,,,,,
Persimmon,,,,,,,,,,
Phalanx,,,,,,,,,,
Phantom Blockade,,,,,,,,,,
Pharaoh,,,,,,,,,,
Pharaoh's Grave,,,,,,,,,,
Pharaoh′s Grave,,,,,,,,,,
Pharaohs,,,,,,,,,,
Phoenix,,,,,,,,,,
Piano,,,,,,,,,,
Piccolo,,,,,,,,,,
Picture Gallery,,,,,,,,,,
Picture Gallery II,,,,,,,,,,
Picture Patience,,,,,,,,,,
Pied Piper,,,,,,,,,,
Pigtail,,,,,,,,,,
Pile of Twenty-Eight,,,,,,,,,,
Pile Up,,,,,,,,,,
PileOn,,,,,,,,,,
Pilferers,,,,,,,,,,
Pilgrimage,,,,,,,,,,
Pine Cone,,,,,,,,,,
Pishe Pasha,,,,,,,,,,
Pitchfork,,,,,,,,,,
Pitt the Younger,,,,,,,,,,
Pizzica,,,,,,,,,,
Placement,,,,,,,,,,
Plait,,,,,,,,,,
Playback,,,,,,,,,,
Plot,,,,,,,,,,
Point Sable,,,,,,,,,,
Point Sable Portuguese Solitaire,,,,,,,,,,
Poker,,,,,,,,,,
Poker Checkerboard,,,,,,,,,,
Poker Columns,,,,,,,,,,
Poker Elimination,,,,,,,,,,
Poker Holdem,,,,,,,,,,
Poker Patience,,,,,,,,,,
Poker Puzzle,,,,,,,,,,
Poker Shuffle,,,,,,,,,,
Poker Slide,,,,,,,,,,
Poker Solitaire,,,,,,,,,,
Poker Solitaire (Open),,,,,,,,,,
Poker Square,,,,,,,,,,
Poker Squares,,,,,,,,,,
Poker Yacht,,,,,,,,,,
Polish Patience,,,,,,,,,,
Political Patience,,,,,,,,,,
Polka Solitaire,,,,,,,,,,
Polytope,,,,,,,,,,
Ponytail,,,,,,,,,,
Porridge,,,,,,,,,,
Portcullis,,,,,,,,,,
Porthos,,,,,,,,,,
Portsmouth,,,,,,,,,,
Portugese Patience,,,,,,,,,,
Portuguese,,,,,,,,,,
Portuguese Solitaire,,,,,,,,,,
Potholes,,,,,,,,,,
Pounce+,,,,,,,,,,
Precedence,,,,,,,,,,
Precedence (Order of Precedence),,,,,,,,,,
Precell,,,,,,,,,,
Prediction,,,,,,,,,,
Preference,,,,,,,,,,
President's Cabinet,,,,,,,,,,
Prime Minister,,,,,,,,,,
Primrose,,,,,,,,,,
Prince Albert,,,,,,,,,,
Prince Serg,,,,,,,,,,
Prince Serg Princess Patience,,,,,,,,,,
Princess Patience,,,,,,,,,,
Princess Rebecca,,,,,,,,,,
Prison,,,,,,,,,,
Prison Cell,,,,,,,,,,
Prisoner,,,,,,,,,,
Prisoners,,,,,,,,,,
Prisoners Two Decks,,,,,,,,,,
Private Lane,,,,,,,,,,
Privileged Four,,,,,,,,,,
Progression,,,,,,,,,,
Propeller,,,,,,,,,,
Provisional,,,,,,,,,,
Ptolemy,,,,,,,,,,
Pulsar,,,,,,,,,,
Pumpkin,,,,,,,,,,
Pumpkin Spice,,,,,,,,,,
Puppeteer,,,,,,,,,,
Push and Pull,,,,,,,,,,
Push Pin,,,,,,,,,,
Push-Pin,,,,,,,,,,
Puss in Corner,,,,,,,,,,
Puss in the Corner,,,,,,,,,,
Puss in the Corner (4 Cards),,,,,,,,,,
Put Them in Order (3x3),,,,,,,,,,
Put Them in Order (4x4),,,,,,,,,,
Put Them in Order (5x5),,,,,,,,,,
Putt Putt,,,,,,,,,,
Putt Putt Pyramid,,,,,,,,,,
Puzzler,,,,,,,,,,
Pyramid,,,,,,,,,,
Pyramid (Easy Couple),,,,,,,,,,
Pyramid 2,,,,,,,,,,
Pyramid 3,,,,,,,,,,
Pyramid by Seven,,,,,,,,,,
Pyramid Clear,,,,,,,,,,
Pyramid Dozen,,,,,,,,,,
Pyramid Golf,,,,,,,,,,
Pyramid II,,,,,,,,,,
Pyramid Rank,,,,,,,,,,
Pyramid Seven,,,,,,,,,,
Pyramid Solitaire,,,,,,,,,,
Pyramid Thieves,,,,,,,,,,
Pyramid Two Decks,,,,,,,,,,
Pyramid's Stones,,,,,,,,,,
Pyramid's Stories,,,,,,,,,,
Pyramide,,,,,,,,,,
Pythagor,,,,,,,,,,
Q.C.,,,,,,,,,,
Q.C. Patience,,,,,,,,,,
Quadrangle,,,,,,,,,,
Quadrangle Quadruple Canfield,,,,,,,,,,
Quadrennial,,,,,,,,,,
Quadrille,,,,,,,,,,
Quadruple Canfield,,,,,,,,,,
"Quadruple Demons, ",,,,,,,,,,
Quadruple FreeCell,,,,,,,,,,
Quadruple Harp,,,,,,,,,,
Quadruple Interchange,,,,,,,,,,
Quadruple Klondike,,,,,,,,,,
Quadruple Klondike Strict,,,,,,,,,,
Quadruple Left,,,,,,,,,,
Quadruple Line,,,,,,,,,,
Quadruple Russian,,,,,,,,,,
Quadruple Scorpion,,,,,,,,,,
Quadruple Trigon,,,,,,,,,,
Quadruple Yukon,,,,,,,,,,
Quadruplets,,,,,,,,,,
Quadruplets Two Decks,,,,,,,,,,
Quarter Moon,,,,,,,,,,
QuarterCell,,,,,,,,,,
Quartermaster,,,,,,,,,,
Quartermaster Open,,,,,,,,,,
Quartet,,,,,,,,,,
Quartets,,,,,,,,,,
Quatorze,,,,,,,,,,
Queen Eleanor,,,,,,,,,,
Queen of Italy,,,,,,,,,,
Queen of Italy (Redeal),,,,,,,,,,
Queen of Italy Reversed,,,,,,,,,,
Queen Victoria,,,,,,,,,,
Queen's Audience,,,,,,,,,,
Queenie,,,,,,,,,,
Queens and Jacks,,,,,,,,,,
Queens and Kings,,,,,,,,,,
Queens and Knaves,,,,,,,,,,
Queensland,,,,,,,,,,
Queue See,,,,,,,,,,
Quintuple Klondike,,,,,,,,,,
Quizzie,,,,,,,,,,
Rabbit Creek,,,,,,,,,,
Rachel,,,,,,,,,,
Racing Aces,,,,,,,,,,
Racing Demon+,,,,,,,,,,
Raglan,,,,,,,,,,
Rail Fence,,,,,,,,,,
Railway,,,,,,,,,,
Rainbow,,,,,,,,,,
Rainbow (Relaxed),,,,,,,,,,
Rainbow Canfield,,,,,,,,,,
Rainbow Fan,,,,,,,,,,
Rainfall,,,,,,,,,,
Random,,,,,,,,,,
Rangoon,,,,,,,,,,
Rank and File,,,,,,,,,,
Rank by Rank,,,,,,,,,,
Rank FreeCell,,,,,,,,,,
Rank Spider,,,,,,,,,,
Raptor,,,,,,,,,,
Rapunzel,,,,,,,,,,
Raqlan,,,,,,,,,,
Raw Prawn,,,,,,,,,,
Razor's Edge,,,,,,,,,,
Reception,,,,,,,,,,
Rectangle,,,,,,,,,,
Rectangular,,,,,,,,,,
Red and Black,,,,,,,,,,
Red and Black (Alternate),,,,,,,,,,
Red and Black (Cadogan),,,,,,,,,,
Red Hand,,,,,,,,,,
Red Moon,,,,,,,,,,
Red-Black Spider,,,,,,,,,,
Red-Black Spiderette,,,,,,,,,,
Redheads,,,,,,,,,,
Reflex,,,,,,,,,,
Reform,,,,,,,,,,
Regal Family,,,,,,,,,,
Regimental,,,,,,,,,,
Reinforcements,,,,,,,,,,
Relaxed FreeCell,,,,,,,,,,
Relaxed Golf,,,,,,,,,,
Relaxed Pyramid,,,,,,,,,,
Relaxed Seahaven Towers,,,,,,,,,,
Relaxed Spider,,,,,,,,,,
Remember 10,,,,,,,,,,
Remember 11,,,,,,,,,,
Remember 12,,,,,,,,,,
Remember 13,,,,,,,,,,
Remember Me,,,,,,,,,,
Repair,,,,,,,,,,
Replace,,,,,,,,,,
Republic,,,,,,,,,,
Rerun,,,,,,,,,,
Reserved Pyramid,,,,,,,,,,
Reserves,,,,,,,,,,
Retinue,,,,,,,,,,
Reveillion,,,,,,,,,,
Reverse Order,,,,,,,,,,
Reversed Golf,,,,,,,,,,
Reversi,,,,,,,,,,
Richard's Patience,,,,,,,,,,
Right and Left,,,,,,,,,,
Right Triangle,,,,,,,,,,
Ripple,,,,,,,,,,
Ripple Fan,,,,,,,,,,
Rittenhouse,,,,,,,,,,
Rive Gauche,,,,,,,,,,
River Doon,,,,,,,,,,
Robbers,,,,,,,,,,
Robert,,,,,,,,,,
Robert Two Decks,,,,,,,,,,
Robespierre,,,,,,,,,,
Robie,,,,,,,,,,
Robin Hood,,,,,,,,,,
Robinson Crusoe,,,,,,,,,,
Rochester,,,,,,,,,,
Rock Castle,,,,,,,,,,
Rock Garden,,,,,,,,,,
Rockport,,,,,,,,,,
Roller Coaster,,,,,,,,,,
Roman,,,,,,,,,,
Roman Patience,,,,,,,,,,
Romanian Solitaire,,,,,,,,,,
Roosevelt,,,,,,,,,,
Roosevelt at San Juan,,,,,,,,,,
Rosette,,,,,,,,,,
Roslin,,,,,,,,,,
Roslyn,,,,,,,,,,
Rotary Dial,,,,,,,,,,
Rotation,,,,,,,,,,
Rouen,,,,,,,,,,
Rouge et Noir,,,,,,,,,,
Rouge Forty,,,,,,,,,,
Rough Rider,,,,,,,,,,
Roundup,,,,,,,,,,
Rows of Four,,,,,,,,,,
Royal Aids,,,,,,,,,,
Royal Cotillion,,,,,,,,,,
Royal Couple,,,,,,,,,,
Royal East,,,,,,,,,,
Royal Families,,,,,,,,,,
Royal Family,,,,,,,,,,
Royal Flush,,,,,,,,,,
Royal Free Cell,,,,,,,,,,
Royal Garden,,,,,,,,,,
Royal Marriage,,,,,,,,,,
Royal Meeting,,,,,,,,,,
Royal Noir,,,,,,,,,,
Royal Palace,,,,,,,,,,
Royal Parade,,,,,,,,,,
Royal Patience,,,,,,,,,,
Royal Puzzle,,,,,,,,,,
Royal Ranks,,,,,,,,,,
Royal Rendezvous,,,,,,,,,,
Royal Simple Cell,,,,,,,,,,
Royal Square,,,,,,,,,,
Royal Suite,,,,,,,,,,
Royalton,,,,,,,,,,
Rueil,,,,,,,,,,
Rule of Seven,,,,,,,,,,
Runner,,,,,,,,,,
Rush Left,,,,,,,,,,
Rushdike,,,,,,,,,,
Russian,,,,,,,,,,
Russian Bank,,,,,,,,,,
Russian Bank+,,,,,,,,,,
Russian Cell,,,,,,,,,,
Russian Patience,,,,,,,,,,
Russian Point,,,,,,,,,,
Russian Revolver,,,,,,,,,,
Russian Solitaire,,,,,,,,,,
Russian Solitaire Player Decision,,,,,,,,,,
Russian Spider,,,,,,,,,,
Russian Twist,,,,,,,,,,
S Patience,,,,,,,,,,
Salic Law,,,,,,,,,,
Sally,,,,,,,,,,
Samara,,,,,,,,,,
Samarkand,,,,,,,,,,
San Jose Hill,,,,,,,,,,
San Juan Hill,,,,,,,,,,
Sand Dollar,,,,,,,,,,
Sandbox,,,,,,,,,,
Sandbox B,,,,,,,,,,
Sanibel,,,,,,,,,,
Saratoga,,,,,,,,,,
Sarlacc,,,,,,,,,,
Satellites,,,,,,,,,,
Saxony,,,,,,,,,,
Scarab,,,,,,,,,,
Scarab Three Decks,,,,,,,,,,
Scarf,,,,,,,,,,
Scarf II,,,,,,,,,,
Scorpion,,,,,,,,,,
Scorpion Cells,,,,,,,,,,
Scorpion Four Decks,,,,,,,,,,
Scorpion Head,,,,,,,,,,
Scorpion II,,,,,,,,,,
Scorpion Row,,,,,,,,,,
Scorpion Solitaire,,,,,,,,,,
Scorpion Tail,,,,,,,,,,
Scorpion Three Decks,,,,,,,,,,
Scorpion Towers,,,,,,,,,,
Scorpion Two Decks,,,,,,,,,,
Scorpion Two Suits,,,,,,,,,,
ScorpionCell,,,,,,,,,,
Scotch,,,,,,,,,,
Scotch Patience,,,,,,,,,,
Scottish Canister,,,,,,,,,,
Scuffle,,,,,,,,,,
Sea Scorpion,,,,,,,,,,
Sea Towers,,,,,,,,,,
Sea Towers Solitaire,,,,,,,,,,
Seahaven,,,,,,,,,,
Seahaven Towers,,,,,,,,,,
Seduction,,,,,,,,,,
Selective Beleaguered,,,,,,,,,,
Selective Canfield,,,,,,,,,,
Selective Castle,,,,,,,,,,
Selective FreeCell,,,,,,,,,,
Senate,,,,,,,,,,
Senior Wrangler,,,,,,,,,,
Sentinel,,,,,,,,,,
Serenade,,,,,,,,,,
Serket,,,,,,,,,,
Serpent,,,,,,,,,,
Serpent Poker Solitaire,,,,,,,,,,
Sesame,,,,,,,,,,
Sevastopol,,,,,,,,,,
Seven,,,,,,,,,,
Seven and Ten,,,,,,,,,,
Seven by Five,,,,,,,,,,
Seven by Four,,,,,,,,,,
Seven by Seven,,,,,,,,,,
Seven by Seven Alt,,,,,,,,,,
Seven by Three,,,,,,,,,,
Seven by Two,,,,,,,,,,
Seven Devils,,,,,,,,,,
Seven Devils (Relaxed),,,,,,,,,,
Seven Hills,,,,,,,,,,
Seven in a Row,,,,,,,,,,
Seven Piles,,,,,,,,,,
Seven Saints,,,,,,,,,,
Seven Sisters,,,,,,,,,,
Seven Steps,,,,,,,,,,
Seven Up,,,,,,,,,,
Seventeens,,,,,,,,,,
Sextuple Klondike,,,,,,,,,,
Seymour,,,,,,,,,,
Shady Lanes,,,,,,,,,,
Shah of Persia,,,,,,,,,,
Sham Battle,,,,,,,,,,
Shamrocks,,,,,,,,,,
Shamrocks II,,,,,,,,,,
Shape Shift,,,,,,,,,,
Shaula,,,,,,,,,,
Sheaf,,,,,,,,,,
Shifted Cross,,,,,,,,,,
Shifting,,,,,,,,,,
Shifting Depots,,,,,,,,,,
Shining Star,,,,,,,,,,
Short Solitaire,,,,,,,,,,
Short Term Memory,,,,,,,,,,
Shrimp Cocktail,,,,,,,,,,
Shuffle,,,,,,,,,,
ShuffleJack,,,,,,,,,,
Shuttle,,,,,,,,,,
Siberia,,,,,,,,,,
Sieben bis As,,,,,,,,,,
Siegecraft,,,,,,,,,,
Signora,,,,,,,,,,
Silk Road,,,,,,,,,,
Silver Mine,,,,,,,,,,
Simon Jester,,,,,,,,,,
Simon Says,,,,,,,,,,
Simple,,,,,,,,,,
Simple Addition,,,,,,,,,,
Simple Carlo,,,,,,,,,,
Simple Cell,,,,,,,,,,
Simple Pairs,,,,,,,,,,
Simple Scorpion,,,,,,,,,,
Simple Simon,,,,,,,,,,
Simpleton,,,,,,,,,,
Simplex,,,,,,,,,,
Simplicity,,,,,,,,,,
Single Interchange,,,,,,,,,,
Single Left,,,,,,,,,,
Single Picture Gallery,,,,,,,,,,
Single Plot,,,,,,,,,,
Single Rail,,,,,,,,,,
Single Spark,,,,,,,,,,
Sir Tommy,,,,,,,,,,
Sir Tommy (4 Cards),,,,,,,,,,
Sir Tommy Reversed,,,,,,,,,,
Sir Tommy Two Decks,,,,,,,,,,
Six by Four,,,,,,,,,,
Six By Six,,,,,,,,,,
Six by Three,,,,,,,,,,
Six by Twelve,,,,,,,,,,
Sixes and Sevens,,,,,,,,,,
Sixteen,,,,,,,,,,
Sixteen Piles,,,,,,,,,,
Sixteen Puzzle,,,,,,,,,,
Sixteens,,,,,,,,,,
Sixth Coalition,,,,,,,,,,
Sixty,,,,,,,,,,
Sixty Bandits,,,,,,,,,,
Sixty Knights,,,,,,,,,,
Sixty Thieves,,,,,,,,,,
Skippy,,,,,,,,,,
Skiz,,,,,,,,,,
Sleepers,,,,,,,,,,
Slide,,,,,,,,,,
Slider,,,,,,,,,,
Sly Fox,,,,,,,,,,
Sly Fox Easy,,,,,,,,,,
Small Harp,,,,,,,,,,
Small PileOn,,,,,,,,,,
Small Triangle,,,,,,,,,,
Smokey,,,,,,,,,,
Snake,,,,,,,,,,
Snowball,,,,,,,,,,
Solemnity,,,,,,,,,,
Solid Square,,,,,,,,,,
Solitaire,,,,,,,,,,
Solitaire Piquet,,,,,,,,,,
Solitude Castle,,,,,,,,,,
Solstice,,,,,,,,,,
Somerset,,,,,,,,,,
Sort,,,,,,,,,,
Souter,,,,,,,,,,
Spaces,,,,,,,,,,
Spaces and Aces,,,,,,,,,,
Spaire,,,,,,,,,,
Spanish,,,,,,,,,,
Spanish Patience,,,,,,,,,,
Spanish Patience (Alternate),,,,,,,,,,
Spark,,,,,,,,,,
Spaulding,,,,,,,,,,
Speculation,,,,,,,,,,
Spider,,,,,,,,,,
Spider - One Suit,,,,,,,,,,
Spider - Two Suits,,,,,,,,,,
Spider (One Suit),,,,,,,,,,
Spider (Two Suits),,,,,,,,,,
Spider 1-Suit,,,,,,,,,,
Spider 2-Suit,,,,,,,,,,
Spider 3x3,,,,,,,,,,
Spider Build and Play,,,,,,,,,,
Spider Classic,,,,,,,,,,
Spider Four Decks,,,,,,,,,,
Spider Four Suits,,,,,,,,,,
Spider Motion,,,,,,,,,,
Spider One Suit,,,,,,,,,,
Spider Red Black,,,,,,,,,,
Spider Reversed,,,,,,,,,,
Spider Solitaire,,,,,,,,,,
Spider Three Deck,,,,,,,,,,
Spider Three Decks,,,,,,,,,,
Spider Traditional,,,,,,,,,,
Spider Two Suit,,,,,,,,,,
Spider Two Suits,,,,,,,,,,
Spider Two Suits Four Decks,,,,,,,,,,
Spider Up,,,,,,,,,,
Spider Web,,,,,,,,,,
Spider Web Cells,,,,,,,,,,
Spider-Easy,,,,,,,,,,
Spider-Relaxed,,,,,,,,,,
SpiderCell,,,,,,,,,,
SpiderCells,,,,,,,,,,
Spiderette,,,,,,,,,,
Spiderette (One Suit),,,,,,,,,,
Spiderette (Two Suits),,,,,,,,,,
Spiderette One Suit,,,,,,,,,,
Spiderette Two Suit,,,,,,,,,,
Spiderette Two Suits,,,,,,,,,,
Spiderkon,,,,,,,,,,
Spiderwort,,,,,,,,,,
Spidike,,,,,,,,,,
Spidike Light,,,,,,,,,,
Spike,,,,,,,,,,
Spit+,,,,,,,,,,
Spite and Malice,,,,,,,,,,
Spoilt,,,,,,,,,,
Spoon River,,,,,,,,,,
Springfield,,,,,,,,,,
Squadron,,,,,,,,,,
Square,,,,,,,,,,
Square Dance,,,,,,,,,,
Square Off,,,,,,,,,,
Squared Away,,,,,,,,,,
Squares and Pairs,,,,,,,,,,
St Helena,,,,,,,,,,
St. Helena,,,,,,,,,,
Stacker,,,,,,,,,,
Stacks,,,,,,,,,,
Stag Party,,,,,,,,,,
Stages,,,,,,,,,,
Stairs,,,,,,,,,,
Stalactites,,,,,,,,,,
Stalactites and Stalagmites,,,,,,,,,,
Stalactites Two Decks,,,,,,,,,,
Stalagmites,,,,,,,,,,
Stalemate,,,,,,,,,,
Star,,,,,,,,,,
Stay-at-home,,,,,,,,,,
Steeplechase,,,,,,,,,,
Step by Step,,,,,,,,,,
Step Up,,,,,,,,,,
Step-Up,,,,,,,,,,
Stepping Stone,,,,,,,,,,
Steps,,,,,,,,,,
Steve,,,,,,,,,,
Stewart,,,,,,,,,,
Stewart River,,,,,,,,,,
Sticko,,,,,,,,,,
Still Bases,,,,,,,,,,
Stinger,,,,,,,,,,
Stonewall,,,,,,,,,,
Stonewall Gate,,,,,,,,,,
Stoney Hill,,,,,,,,,,
Stop Light,,,,,,,,,,
Storehouse,,,,,,,,,,
Storehouse (Relaxed),,,,,,,,,,
Storm,,,,,,,,,,
Straight Fifteens,,,,,,,,,,
Straight Up,,,,,,,,,,
Straights and Pairs,,,,,,,,,,
Strata,,,,,,,,,,
Strategerie,,,,,,,,,,
Strategy,,,,,,,,,,
Strategy Plus,,,,,,,,,,
Strategy+,,,,,,,,,,
Street and Alleys,,,,,,,,,,
Streets,,,,,,,,,,
Streets and Alleys,,,,,,,,,,
Strip,,,,,,,,,,
Striped Fan,,,,,,,,,,
Striptease,,,,,,,,,,
Stronghold,,,,,,,,,,
Succession,,,,,,,,,,
Sudden Death,,,,,,,,,,
Sudoku,,,,,,,,,,
Sudoku Solitaire (4 x 4 grid),,,,,,,,,,
Suicide Six,,,,,,,,,,
Suit by Suit,,,,,,,,,,
Suit Elevens,,,,,,,,,,
Suit Triangle,,,,,,,,,,
Suit Yourself,,,,,,,,,,
SuitCell,,,,,,,,,,
Suits in Line,,,,,,,,,,
Suits Me,,,,,,,,,,
Suits Up,,,,,,,,,,
Sultan,,,,,,,,,,
Sultan of Turkey,,,,,,,,,,
Sum of Five,,,,,,,,,,
Sun,,,,,,,,,,
Super Challenge FreeCell,,,,,,,,,,
Super Flower Garden,,,,,,,,,,
Super Slide,,,,,,,,,,
Superior Canfield,,,,,,,,,,
Superior Canfield II,,,,,,,,,,
Superior Demon,,,,,,,,,,
Surprise,,,,,,,,,,
Suspense,,,,,,,,,,
Suspenseful,,,,,,,,,,
Swallows,,,,,,,,,,
Swan Lake,,,,,,,,,,
Swedish Packet,,,,,,,,,,
Swedish Patience,,,,,,,,,,
Sweet Sixteen,,,,,,,,,,
Swiss,,,,,,,,,,
Swiss Patience,,,,,,,,,,
Sydney Solitaire,,,,,,,,,,
Symphony,,,,,,,,,,
Tabby Cat,,,,,,,,,,
Tabbycat,,,,,,,,,,
Tableau,,,,,,,,,,
Tablecloth,,,,,,,,,,
Taj Mahal,,,,,,,,,,
Take Away,,,,,,,,,,
Take Fourteen,,,,,,,,,,
Taking Silk,,,,,,,,,,
Talon Hawk,,,,,,,,,,
Tam O'Shanter,,,,,,,,,,
Tam O’Shanter,,,,,,,,,,
Tantalus,,,,,,,,,,
Tantalus Two Decks,,,,,,,,,,
Tarantella,,,,,,,,,,
Tarantula,,,,,,,,,,
Tasmanian Patience,,,,,,,,,,
Ten Across,,,,,,,,,,
Ten by Four,,,,,,,,,,
Ten By One,,,,,,,,,,
Ten by Six,,,,,,,,,,
Tens,,,,,,,,,,
Tens Out,,,,,,,,,,
Tens Two Decks,,,,,,,,,,
Termites,,,,,,,,,,
Terrace,,,,,,,,,,
Tetraire,,,,,,,,,,
Tetris Solitaire,,,,,,,,,,
TetSol,,,,,,,,,,
Thatcher,,,,,,,,,,
The Bold,,,,,,,,,,
The Clock,,,,,,,,,,
The Dial,,,,,,,,,,
The Dial II,,,,,,,,,,
The Fan,,,,,,,,,,
The Flea,,,,,,,,,,
The Fort,,,,,,,,,,
The Fox,,,,,,,,,,
The Garden,,,,,,,,,,
The Herring-Bone,,,,,,,,,,
The Ides of March,,,,,,,,,,
The Indefatigable,,,,,,,,,,
The Jealous King,,,,,,,,,,
The Lamp,,,,,,,,,,
The Last Monarch,,,,,,,,,,
The Lucky Number,,,,,,,,,,
The Nation,,,,,,,,,,
The People's Game,,,,,,,,,,
The Plot,,,,,,,,,,
The Queen's Lace Handkerchief,,,,,,,,,,
The Red and the Black,,,,,,,,,,
The Reserve,,,,,,,,,,
The Reserves,,,,,,,,,,
The Rising Sun,,,,,,,,,,
The Spark,,,,,,,,,,
The Towers,,,,,,,,,,
The Towers Easy,,,,,,,,,,
The Wish,,,,,,,,,,
Theater,,,,,,,,,,
Thief Spider,,,,,,,,,,
Thieves,,,,,,,,,,
Thieves of Egypt,,,,,,,,,,
Thieves Rush,,,,,,,,,,
Thin Cell,,,,,,,,,,
Third Millennium,,,,,,,,,,
Thirteen,,,,,,,,,,
Thirteen (Canfield),,,,,,,,,,
Thirteen Down,,,,,,,,,,
Thirteen Fifteen Seventeen,,,,,,,,,,
Thirteen Out,,,,,,,,,,
Thirteen Packs,,,,,,,,,,
Thirteen Up,,,,,,,,,,
Thirteen Up Two Decks,,,,,,,,,,
Thirteens,,,,,,,,,,
Thirteens (Simple Addition),,,,,,,,,,
Thirteens Simple,,,,,,,,,,
Thirteenth,,,,,,,,,,
Thirty,,,,,,,,,,
Thirty Nine Steps,,,,,,,,,,
Thirty Six,,,,,,,,,,
Thirty Thieves,,,,,,,,,,
Thirty-Nine Steps,,,,,,,,,,
Thirty-six,,,,,,,,,,
Thoughtful,,,,,,,,,,
Thrax,,,,,,,,,,
Three Bears,,,,,,,,,,
Three Blind Mice,,,,,,,,,,
Three Cells,,,,,,,,,,
Three Deck Agnes,,,,,,,,,,
Three Deck Beleaguered,,,,,,,,,,
Three Deck Canfield,,,,,,,,,,
Three Deck Easthaven,,,,,,,,,,
Three Deck Fourteens,,,,,,,,,,
Three Deck Free Cell,,,,,,,,,,
Three Deck Klondike,,,,,,,,,,
Three Deck Scorpion,,,,,,,,,,
Three Deck Spider,,,,,,,,,,
Three Deck Spider One Suit,,,,,,,,,,
Three Deck Spider Two Suit,,,,,,,,,,
Three Deck Thieves,,,,,,,,,,
Three Deck Unlimited,,,,,,,,,,
Three Deck Yukon,,,,,,,,,,
Three Demons,,,,,,,,,,
Three Fir-trees,,,,,,,,,,
Three Hills,,,,,,,,,,
Three Pirates,,,,,,,,,,
Three Pyramids,,,,,,,,,,
Three Shuffles,,,,,,,,,,
Three Shuffles and a Cell,,,,,,,,,,
Three Shuffles and a Draw,,,,,,,,,,
Three Strikes,,,,,,,,,,
Three Up,,,,,,,,,,
Three-card Fan,,,,,,,,,,
Three's a Crowd,,,,,,,,,,
Three's Company,,,,,,,,,,
ThreeCell,,,,,,,,,,
Threefold,,,,,,,,,,
Threefold Canfield,,,,,,,,,,
Threefold Klondike,,,,,,,,,,
Threefold Scorpion,,,,,,,,,,
Threefold Yukon,,,,,,,,,,
Threes,,,,,,,,,,
Threes Company,,,,,,,,,,
Thumb and Pouch,,,,,,,,,,
Thumb and Pouch Two Decks,,,,,,,,,,
Thunderbolt,,,,,,,,,,
Tick,,,,,,,,,,
Tiles,,,,,,,,,,
Timber Hawk,,,,,,,,,,
Titan,,,,,,,,,,
Titanic,,,,,,,,,,
Toad,,,,,,,,,,
Tomb,,,,,,,,,,
Tomorrow,,,,,,,,,,
Toni,,,,,,,,,,
Topsy-turvy Queens,,,,,,,,,,
Tornado,,,,,,,,,,
Tortoise,,,,,,,,,,
Total Pair,,,,,,,,,,
Toto,,,,,,,,,,
Tough Sell,,,,,,,,,,
Tournament,,,,,,,,,,
Tours du Alice,,,,,,,,,,
Tower of Babel,,,,,,,,,,
Tower of Hanoi,,,,,,,,,,
Tower of Hanoi Thirteen,,,,,,,,,,
Tower of Hanoy,,,,,,,,,,
Tower of Hanoy (Tower of Hanoi),,,,,,,,,,
Tower of London,,,,,,,,,,
Tower of Pisa,,,,,,,,,,
Towers,,,,,,,,,,
Towers of Ilium,,,,,,,,,,
Towers Trapdoor Spider,,,,,,,,,,
Trafalgar Square,,,,,,,,,,
Transformation,,,,,,,,,,
Trapdoor Spider,,,,,,,,,,
Trapezoid,,,,,,,,,,
Travellers,,,,,,,,,,
Travellers Clock,,,,,,,,,,
Treasure Island,,,,,,,,,,
Treasure Trove,,,,,,,,,,
Tree Solitaire,,,,,,,,,,
Trefoil,,,,,,,,,,
Treize,,,,,,,,,,
Trevi Garden,,,,,,,,,,
Tri Peaks,,,,,,,,,,
Tri Peaks Solitaire,,,,,,,,,,
Tri-Peaks,,,,,,,,,,
Tri-Towers,,,,,,,,,,
Triad,,,,,,,,,,
Triad Two Decks,,,,,,,,,,
Trial,,,,,,,,,,
Triangle,,,,,,,,,,
Triangle Trillium,,,,,,,,,,
Triangular,,,,,,,,,,
Triangulum,,,,,,,,,,
Trigon,,,,,,,,,,
Trigon Left,,,,,,,,,,
Trillium,,,,,,,,,,
Trilogy,,,,,,,,,,
TriPeaks,,,,,,,,,,
TriPeaks Garden,,,,,,,,,,
Triple Alaska,,,,,,,,,,
Triple Alliance,,,,,,,,,,
Triple Australian,,,,,,,,,,
Triple Canfield,,,,,,,,,,
Triple Crown,,,,,,,,,,
Triple Demons,,,,,,,,,,
Triple Easthaven,,,,,,,,,,
Triple Fourteens,,,,,,,,,,
Triple FreeCell,,,,,,,,,,
Triple FreeCell Hard,,,,,,,,,,
Triple Gold Rush,,,,,,,,,,
Triple Golf,,,,,,,,,,
Triple Harp,,,,,,,,,,
Triple Interchange,,,,,,,,,,
Triple Kingsley,,,,,,,,,,
Triple Klondike,,,,,,,,,,
Triple Klondike by Threes,,,,,,,,,,
Triple Left,,,,,,,,,,
Triple Left Triple Line,,,,,,,,,,
Triple Line,,,,,,,,,,
Triple Minerva,,,,,,,,,,
Triple Mulligan,,,,,,,,,,
Triple Peaks,,,,,,,,,,
Triple Rail,,,,,,,,,,
Triple Russian,,,,,,,,,,
Triple Scorpion,,,,,,,,,,
Triple Spidike,,,,,,,,,,
Triple Storehouse,,,,,,,,,,
Triple Triangle,,,,,,,,,,
Triple Union,,,,,,,,,,
Triple Yukon,,,,,,,,,,
Tripleharp,,,,,,,,,,
Triplets,,,,,,,,,,
Triskaide,,,,,,,,,,
Tristan and Isolde,,,,,,,,,,
Triton,,,,,,,,,,
Troika,,,,,,,,,,
Tropicana,,,,,,,,,,
Tropics,,,,,,,,,,
Truss,,,,,,,,,,
Trusty Twelve,,,,,,,,,,
Try Again,,,,,,,,,,
Tuffet,,,,,,,,,,
Tunguska,,,,,,,,,,
Turkish Kerchief,,,,,,,,,,
Turncoats,,,,,,,,,,
Turnover the Rainbow,,,,,,,,,,
Tut's Tomb,,,,,,,,,,
Tuxedo,,,,,,,,,,
Tvete's Grandfather,,,,,,,,,,
Twelve Piles,,,,,,,,,,
Twelve Sleeping Maids,,,,,,,,,,
Twelve Sleeping Maids II,,,,,,,,,,
Twelves,,,,,,,,,,
Twenties,,,,,,,,,,
Twenty,,,,,,,,,,
Twenty Eight Thieves,,,,,,,,,,
Twenty Four Fans,,,,,,,,,,
Twenty One Robbers,,,,,,,,,,
Twenty One Robbers II,,,,,,,,,,
Twenty Piles,,,,,,,,,,
Twenty Thieves,,,,,,,,,,
Twenty-Five,,,,,,,,,,
Twenty-Two,,,,,,,,,,
Twilight Zone,,,,,,,,,,
Twin Queens,,,,,,,,,,
Twist,,,,,,,,,,
Twister,,,,,,,,,,
Twisty Thirteens,,,,,,,,,,
Two Castles,,,,,,,,,,
Two Cell,,,,,,,,,,
Two Cells,,,,,,,,,,
Two Deck Australian,,,,,,,,,,
Two Diamonds,,,,,,,,,,
Two Pack Dial,,,,,,,,,,
Two Rings,,,,,,,,,,
Two-Suit Spider,,,,,,,,,,
Two-Suit Spiderette,,,,,,,,,,
Ukrainian,,,,,,,,,,
Ukrainian Solitaire,,,,,,,,,,
Uncanny,,,,,,,,,,
Uncle Sam,,,,,,,,,,
Uncle Walter,,,,,,,,,,
Uncle Walter's,,,,,,,,,,
Undercover Aces,,,,,,,,,,
Undercover Aces Easy,,,,,,,,,,
Underpass,,,,,,,,,,
Union Square,,,,,,,,,,
Unlimited,,,,,,,,,,
Unlimited Alternative,,,,,,,,,,
Unlimited Gaps,,,,,,,,,,
Unlucky Thirteen,,,,,,,,,,
Unusual,,,,,,,,,,
Up and Down,,,,,,,,,,
Up and Up,,,,,,,,,,
Up or Down,,,,,,,,,,
Up or Down ,,,,,,,,,,
Ups and Downs,,,,,,,,,,
Upside Down,,,,,,,,,,
Ursa Major,,,,,,,,,,
User Game 2,,,,,,,,,,
Usk,,,,,,,,,,
Vague,,,,,,,,,,
Valentine,,,,,,,,,,
Vanbrugh,,,,,,,,,,
Vanbrugh Two Decks,,,,,,,,,,
Vanishing Cross,,,,,,,,,,
Variegated Canfield,,,,,,,,,,
Vassal,,,,,,,,,,
Vegas Klondike,,,,,,,,,,
Venice,,,,,,,,,,
Verge,,,,,,,,,,
Vertical,,,,,,,,,,
Viceroy,,,,,,,,,,
Victoria,,,,,,,,,,
Vincent,,,,,,,,,,
Vineyard,,,,,,,,,,
Viper,,,,,,,,,,
Virginia Reel,,,,,,,,,,
Viscount,,,,,,,,,,
Volga,,,,,,,,,,
Voracious,,,,,,,,,,
Wading Pool,,,,,,,,,,
Walden,,,,,,,,,,
Waning Moon,,,,,,,,,,
Washington's Favorite,,,,,,,,,,
Wasp,,,,,,,,,,
Waste the Same,,,,,,,,,,
Waste the Same Three Decks,,,,,,,,,,
Watch,,,,,,,,,,
Waterloo,,,,,,,,,,
Wave,,,,,,,,,,
Wave Fan,,,,,,,,,,
Wave Motion,,,,,,,,,,
Waxing Moon,,,,,,,,,,
Weavers,,,,,,,,,,
Weddings,,,,,,,,,,
Weeping Willow,,,,,,,,,,
Well Done,,,,,,,,,,
West Virginia Reel,,,,,,,,,,
Westcliff,,,,,,,,,,
Westcliff Rush,,,,,,,,,,
Westcliff Strict,,,,,,,,,,
Westcliff Two Decks,,,,,,,,,,
Weste I iff,,,,,,,,,,
Westhaven,,,,,,,,,,
Westward Bound,,,,,,,,,,
Wheat-Ear,,,,,,,,,,
Wheatsheaf,,,,,,,,,,
Wheel of Fortune,,,,,,,,,,
When You're Sixteen,,,,,,,,,,
Whistler,,,,,,,,,,
White Scarf,,,,,,,,,,
Whitefield,,,,,,,,,,
Whitehead,,,,,,,,,,
Whitehead Easy,,,,,,,,,,
Whitehorse,,,,,,,,,,
Wicked,,,,,,,,,,
Wickerwork,,,,,,,,,,
Wildflower,,,,,,,,,,
Will o the Wisp,,,,,,,,,,
Will o' the Wisp,,,,,,,,,,
Will'o the Wisp,,,,,,,,,,
Willow,,,,,,,,,,
Winding,,,,,,,,,,
Windmill,,,,,,,,,,
Windmill (Relaxed),,,,,,,,,,
Windsor Castle,,,,,,,,,,
Winery,,,,,,,,,,
Wings,,,,,,,,,,
Wish,,,,,,,,,,
Wish Two Decks,,,,,,,,,,
Wolf Spider,,,,,,,,,,
Women's Kingdom,,,,,,,,,,
Wood,,,,,,,,,,
Wood (Blondes and Brunettes),,,,,,,,,,
Wood Scorpion,,,,,,,,,,
Worldly,,,,,,,,,,
Wrapping Spider,,,,,,,,,,
Xantia,,,,,,,,,,
Xerxes,,,,,,,,,,
XV,,,,,,,,,,
Yakutat Bay,,,,,,,,,,
Yankee Cannonball,,,,,,,,,,
Yeast Dough,,,,,,,,,,
Yellowknife,,,,,,,,,,
Yield,,,,,,,,,,
Yorktown,,,,,,,,,,
Yucone,,,,,,,,,,
Yukon,,,,,,,,,,
Yukon (Strict),,,,,,,,,,
Yukon by Twos,,,,,,,,,,
Yukon Cells,,,,,,,,,,
Yukon Double Rail,,,,,,,,,,
Yukon Kings,,,,,,,,,,
Yukon One Suit,,,,,,,,,,
Yukon Player Decision,,,,,,,,,,
Yukon Puzzle,,,,,,,,,,
Yukon Reversed,,,,,,,,,,
Yukon Solitaire,,,,,,,,,,
Yukon Spider,,,,,,,,,,
Yukon Spinner,,,,,,,,,,
Yukon Three Decks,,,,,,,,,,
Yukon Twice,,,,,,,,,,
Yukon Two Deck,,,,,,,,,,
Yukon Two Decks,,,,,,,,,,
Yukon Two Suits,,,,,,,,,,
Yukon Web,,,,,,,,,,
Yukonic Plague,,,,,,,,,,
Zebra,,,,,,,,,,
Zerline,,,,,,,,,,
Zeus,,,,,,,,,,
Ziggurat,,,,,,,,,,
Zigzag Course,,,,,,,,,,
Zingara,,,,,,,,,,
Zodiac,,,,,,,,,,